NGAYVAO,SO_LUONG,E11,E11_9,I10,J01,J02,J06_9,K21,K21_0,J20,M25_5,M54_5,R10_4,OTHER
12-Dec-24 12:00:00 AM,7325,309,250,1164,105,411,96,153,160,310,84,84,99,4100
15-Dec-24 12:00:00 AM,2578,14,329,422,6,29,53,16,150,28,18,50,45,1418
16-Dec-24 12:00:00 AM,9224,380,267,1561,122,515,114,185,203,418,119,129,103,5108
28-Dec-24 12:00:00 AM,2863,31,244,371,8,36,90,16,115,69,18,62,56,1747
30-Dec-24 12:00:00 AM,7752,341,243,1231,89,412,125,160,120,400,83,105,103,4340
02-Jan-25 12:00:00 AM,11929,644,686,2312,103,407,104,110,157,350,85,98,89,6784
15-Jan-25 12:00:00 AM,6792,250,238,1012,116,419,101,117,116,381,93,101,71,3777
29-Jan-25 12:00:00 AM,502,5,6,44,1,14,12,21,8,5,0,0,5,381
30-Jan-25 12:00:00 AM,754,9,6,62,0,29,12,15,21,13,8,4,11,564
09-Feb-25 12:00:00 AM,3098,17,497,565,5,35,50,16,112,52,15,66,37,1631
10-Feb-25 12:00:00 AM,9844,469,349,1683,126,491,85,158,193,524,135,132,110,5389
16-Feb-25 12:00:00 AM,2975,13,471,521,7,24,65,19,115,55,14,42,40,1589
18-Feb-25 12:00:00 AM,7698,315,320,1239,98,410,92,121,160,407,107,106,113,4210
27-Feb-25 12:00:00 AM,6315,203,149,830,81,315,100,120,149,310,97,85,93,3783
16-Nov-24 12:00:00 AM,3368,38,287,378,19,56,84,26,172,73,47,80,46,2062
05-Nov-24 12:00:00 AM,7595,277,314,1163,130,449,126,148,189,328,126,87,96,4162
23-Oct-24 12:00:00 AM,7477,282,197,1149,112,390,89,184,157,312,101,101,102,4301
21-Oct-24 12:00:00 AM,9347,404,271,1432,165,488,93,200,157,462,149,128,115,5283
14-Oct-24 12:00:00 AM,9499,382,335,1433,170,422,110,197,200,396,109,98,103,5544
12-Oct-24 12:00:00 AM,3413,51,337,419,15,44,71,37,152,57,27,77,49,2077
02-Oct-24 12:00:00 AM,6765,221,211,919,117,357,74,134,138,278,82,105,74,4055
26-Sep-24 12:00:00 AM,6902,269,226,1090,119,367,100,175,146,255,106,99,84,3866
24-Sep-24 12:00:00 AM,7461,291,223,1138,109,368,86,168,154,288,104,122,95,4315
21-Sep-24 12:00:00 AM,2927,38,254,360,19,25,72,22,144,44,35,70,53,1791
19-Sep-24 12:00:00 AM,6956,289,247,1068,126,354,66,156,148,280,115,124,67,3916
18-Sep-24 12:00:00 AM,6108,248,240,977,109,382,68,131,124,235,92,81,62,3359
22-Aug-24 12:00:00 AM,7084,291,225,1039,105,314,48,172,175,253,113,111,85,4153
13-Aug-24 12:00:00 AM,7951,311,311,1235,117,328,42,202,158,262,146,96,91,4652
11-Aug-24 12:00:00 AM,2670,18,369,393,3,21,29,15,129,36,16,47,42,1552
06-Aug-24 12:00:00 AM,7497,266,243,1112,101,344,50,178,150,275,112,129,117,4420
24-Jul-24 12:00:00 AM,7002,274,240,1159,126,244,47,166,163,193,124,96,92,4078
11-Jul-24 12:00:00 AM,6922,290,186,1155,92,261,46,184,126,175,115,115,81,4096
06-Jul-24 12:00:00 AM,2716,49,232,313,5,30,35,24,157,36,28,84,41,1682
02-Jul-24 12:00:00 AM,6643,263,205,1041,84,226,49,147,135,206,103,115,87,3982
29-Jun-24 12:00:00 AM,2652,37,231,332,14,25,27,21,168,43,24,64,45,1621
30-Jun-24 12:00:00 AM,2204,16,250,325,6,13,19,15,115,22,12,47,56,1308
22-Jun-24 12:00:00 AM,2687,43,322,404,12,22,18,19,152,24,30,73,42,1526
31-May-24 12:00:00 AM,6618,334,207,1045,126,333,78,148,99,213,91,98,91,3755
20-May-24 12:00:00 AM,9136,353,325,1402,148,388,93,181,138,279,138,118,115,5458
12-May-24 12:00:00 AM,2653,25,345,371,3,18,38,19,151,26,19,56,58,1524
05-May-24 12:00:00 AM,2347,23,245,350,8,15,37,11,127,24,16,50,63,1378
02-May-24 12:00:00 AM,9049,495,239,1503,116,372,68,161,156,269,117,129,138,5286
30-Apr-24 12:00:00 AM,1944,37,170,227,6,25,31,29,75,37,19,35,31,1222
22-Apr-24 12:00:00 AM,9320,396,303,1553,106,402,75,208,141,291,143,126,128,5448
27-Mar-24 12:00:00 AM,6678,279,285,1096,114,312,81,135,165,237,97,103,94,3680
28-Mar-24 12:00:00 AM,6839,319,291,1142,88,296,86,135,143,287,105,84,106,3757
06-Mar-24 12:00:00 AM,7187,295,277,1372,99,299,79,165,157,246,73,122,108,3895
19-Feb-24 12:00:00 AM,9465,362,200,1576,117,400,76,182,160,404,144,163,120,5561
18-Feb-24 12:00:00 AM,2198,26,238,278,3,19,31,8,111,42,8,46,39,1349
09-Feb-24 12:00:00 AM,691,16,24,75,0,15,11,11,33,11,4,4,9,478
02-Feb-24 12:00:00 AM,9080,506,326,1859,143,618,117,220,137,429,105,96,88,4436
24-Jan-24 12:00:00 AM,6645,229,172,1024,97,456,105,122,120,333,82,89,78,3738
19-Jan-24 12:00:00 AM,7674,291,148,1198,122,527,135,160,157,422,94,80,89,4251
12-Jan-24 12:00:00 AM,8454,307,182,1338,151,614,123,161,139,419,127,78,111,4704
10-Jan-24 12:00:00 AM,6907,234,208,1018,111,472,110,132,124,373,79,95,65,3886
31-Dec-23 12:00:00 AM,2027,27,253,340,3,8,53,13,107,17,7,34,24,1141
30-Dec-23 12:00:00 AM,2530,22,225,341,9,43,46,16,126,32,12,55,42,1561
21-Nov-23 12:00:00 AM,7301,273,206,1081,108,506,98,134,135,332,84,116,93,4135
07-Nov-23 12:00:00 AM,7430,271,218,1233,126,450,113,162,168,294,90,74,99,4132
02-Nov-23 12:00:00 AM,6836,258,165,1114,109,424,103,158,125,280,83,71,105,3841
30-Oct-23 12:00:00 AM,8725,322,213,1405,106,532,112,167,158,370,106,112,114,5008
27-Oct-23 12:00:00 AM,7728,284,204,1295,127,490,122,164,174,330,95,81,101,4261
16-Oct-23 12:00:00 AM,9626,352,234,1481,152,514,131,231,217,327,143,98,92,5654
06-Oct-23 12:00:00 AM,8433,334,225,1383,139,510,100,184,159,333,80,104,96,4786
24-Sep-23 12:00:00 AM,2710,21,249,372,12,21,70,15,164,34,8,57,35,1652
30-Aug-23 12:00:00 AM,6154,262,182,1026,99,311,52,144,143,196,90,71,46,3532
21-Aug-23 12:00:00 AM,9095,322,240,1595,126,459,58,208,197,314,145,108,83,5240
19-Aug-23 12:00:00 AM,2607,35,235,351,16,19,23,23,183,33,16,55,56,1562
31-Jul-23 12:00:00 AM,7862,274,203,1274,119,317,53,177,166,306,115,117,68,4673
29-Jul-23 12:00:00 AM,1496,6,151,231,7,13,10,12,90,33,8,31,26,878
26-Jul-23 12:00:00 AM,6830,210,223,1100,113,324,58,122,151,241,96,84,79,4029
21-Jul-23 12:00:00 AM,7286,262,234,1351,107,340,52,163,149,235,94,90,88,4121
19-Jul-23 12:00:00 AM,5601,249,228,971,97,258,46,127,114,163,50,104,81,3113
10-Jul-23 12:00:00 AM,8607,298,196,1444,123,363,69,206,163,277,159,125,102,5082
26-Jun-23 12:00:00 AM,8586,398,250,1382,107,320,71,171,181,235,132,114,101,5124
08-Jun-23 12:00:00 AM,6505,276,203,1216,75,298,61,112,155,195,114,79,67,3654
03-Jun-23 12:00:00 AM,2370,17,206,295,5,27,33,24,154,26,6,69,35,1473
30-May-23 12:00:00 AM,6823,237,204,1048,97,392,70,147,151,262,101,104,84,3926
29-May-23 12:00:00 AM,7495,338,174,1196,90,353,64,161,149,252,120,94,75,4429
06-May-23 12:00:00 AM,2700,30,223,332,11,52,43,16,157,31,2,65,48,1690
02-May-23 12:00:00 AM,2879,50,195,262,18,82,58,36,135,45,8,39,63,1888
26-Apr-23 12:00:00 AM,6831,253,230,1003,93,435,97,122,147,268,88,84,122,3889
20-Apr-23 12:00:00 AM,6128,248,138,924,79,405,112,133,122,229,80,91,68,3499
09-Apr-23 12:00:00 AM,2415,7,284,354,7,24,70,16,125,26,6,47,42,1407
30-Mar-23 12:00:00 AM,6268,227,204,959,82,432,77,137,116,229,83,73,96,3553
28-Mar-23 12:00:00 AM,6846,217,234,1112,88,444,87,153,106,214,70,82,96,3943
24-Mar-23 12:00:00 AM,7069,256,206,1032,95,463,113,138,115,271,121,88,91,4080
23-Mar-23 12:00:00 AM,6046,236,118,920,83,371,90,132,105,212,81,58,86,3554
17-Mar-23 12:00:00 AM,7490,289,186,1140,122,563,84,157,143,343,116,79,92,4176
18-Mar-23 12:00:00 AM,2698,36,170,293,3,55,86,33,177,44,6,66,46,1683
19-Mar-23 12:00:00 AM,2187,12,151,214,7,25,60,12,102,28,1,50,43,1482
10-Mar-23 12:00:00 AM,7539,274,213,1218,99,572,88,145,132,357,109,97,92,4143
25-Feb-23 12:00:00 AM,2704,17,172,267,4,56,69,15,139,51,13,62,62,1777
22-Feb-23 12:00:00 AM,6202,178,107,834,83,485,91,128,108,357,80,86,103,3562
20-Feb-23 12:00:00 AM,8272,250,144,1177,111,580,89,148,122,367,117,95,113,4959
12-Feb-23 12:00:00 AM,2692,24,309,342,5,50,58,14,126,25,2,60,46,1631
10-Feb-23 12:00:00 AM,7736,311,234,1179,132,546,89,121,149,319,84,72,107,4393
01-Feb-23 12:00:00 AM,7407,277,278,1163,107,553,125,119,144,330,59,96,87,4069
24-Jan-23 12:00:00 AM,847,10,13,67,2,37,25,19,2,24,3,14,9,622
26-Jan-23 12:00:00 AM,1333,25,38,119,0,47,31,16,28,33,6,20,18,952
16-Jan-23 12:00:00 AM,9408,356,273,1556,114,639,165,159,167,408,112,88,79,5292
14-Jan-23 12:00:00 AM,2258,28,179,277,8,77,78,18,119,34,6,53,20,1361
12-Jan-23 12:00:00 AM,7100,276,195,1205,111,515,103,126,116,318,76,70,53,3936
07-Jan-23 12:00:00 AM,2520,39,220,298,6,85,73,14,120,35,2,46,39,1543
02-Jan-23 12:00:00 AM,3537,76,337,457,13,129,58,28,138,72,9,65,58,2097
01-Jan-23 12:00:00 AM,2176,32,321,400,4,40,48,19,92,25,6,33,18,1138
20-Jun-25 12:00:00 AM,6849,346,250,1075,107,184,44,146,154,171,80,92,81,4119
14-Jun-25 12:00:00 AM,2948,22,355,460,19,17,15,25,133,41,34,48,55,1724
15-Jun-25 12:00:00 AM,2844,16,462,500,12,24,27,22,125,20,12,59,41,1524
10-Jun-25 12:00:00 AM,6762,285,295,1043,89,247,36,123,141,202,117,73,81,4030
08-Jun-25 12:00:00 AM,2690,21,453,479,5,11,26,21,135,17,19,54,40,1409
02-Jun-25 12:00:00 AM,8643,326,353,1261,102,309,76,179,152,274,110,97,117,5287
27-May-25 12:00:00 AM,7065,306,254,1052,99,337,72,156,125,289,101,82,87,4105
26-May-25 12:00:00 AM,8775,376,220,1434,96,445,75,226,163,361,114,93,117,5055
13-May-25 12:00:00 AM,7087,300,326,1094,84,303,56,149,137,297,102,106,90,4043
07-May-25 12:00:00 AM,6382,325,314,973,68,255,55,107,137,225,98,105,86,3634
29-Apr-25 12:00:00 AM,6998,289,225,1043,84,328,64,144,132,274,119,79,108,4109
15-Apr-25 12:00:00 AM,6855,276,318,1064,75,251,70,145,146,221,78,104,88,4019
17-Mar-25 12:00:00 AM,8716,371,367,1337,93,338,80,152,142,300,120,137,111,5168
12-Mar-25 12:00:00 AM,7073,280,295,1168,92,330,91,126,162,244,104,114,90,3977
02-Mar-25 12:00:00 AM,2368,14,183,247,16,23,48,14,105,35,6,48,45,1584
23-Dec-22 12:00:00 AM,7006,229,180,1064,91,515,128,132,122,334,93,60,71,3987
22-Dec-22 12:00:00 AM,6447,214,145,909,96,464,124,110,107,327,71,50,73,3757
12-Dec-22 12:00:00 AM,8599,302,186,1241,104,626,130,179,149,414,112,88,105,4963
11-Dec-22 12:00:00 AM,2437,28,190,334,5,65,63,8,133,26,1,56,28,1500
09-Dec-22 12:00:00 AM,7794,296,214,1168,117,650,101,157,99,364,98,88,89,4353
04-Dec-22 12:00:00 AM,2497,15,227,314,5,72,68,13,122,28,7,55,35,1536
29-Nov-22 12:00:00 AM,7172,207,195,1095,102,611,128,120,135,337,88,75,90,3989
12-Nov-22 12:00:00 AM,2772,26,180,306,12,72,60,27,104,66,8,57,34,1820
21-Oct-22 12:00:00 AM,7741,266,154,1220,126,726,147,163,95,342,94,62,118,4228
18-Oct-22 12:00:00 AM,7070,221,158,985,118,676,126,103,99,341,103,57,84,3999
03-Oct-22 12:00:00 AM,9647,318,186,1351,152,852,187,142,86,412,110,114,117,5620
19-Sep-22 12:00:00 AM,9378,333,190,1379,174,816,142,152,97,370,113,103,117,5392
10-Sep-22 12:00:00 AM,2520,31,165,231,18,59,34,21,85,48,12,58,44,1714
07-Sep-22 12:00:00 AM,6643,233,151,1075,144,434,59,113,99,225,81,77,83,3869
27-Aug-22 12:00:00 AM,2449,37,147,249,20,57,28,26,89,41,17,54,61,1623
31-Jul-22 12:00:00 AM,1922,19,163,246,6,21,22,12,0,24,1,25,32,1351
30-Jul-22 12:00:00 AM,2322,28,171,200,13,36,18,23,1,23,20,54,68,1667
22-Jul-22 12:00:00 AM,6928,254,193,1215,119,354,82,153,10,208,82,104,122,4032
17-Jul-22 12:00:00 AM,1729,18,201,216,13,10,20,18,1,4,4,35,22,1167
06-Jul-22 12:00:00 AM,5564,208,147,936,99,291,51,114,10,178,60,55,97,3318
02-Jul-22 12:00:00 AM,2272,20,142,205,6,19,11,19,7,27,10,67,77,1662
01-Jul-22 12:00:00 AM,6645,275,174,1141,116,398,68,111,7,222,67,82,120,3864
22-Jun-22 12:00:00 AM,5972,196,173,916,95,299,62,96,9,177,62,56,99,3732
23-Jun-22 12:00:00 AM,5823,215,147,885,108,331,68,95,12,199,63,67,89,3544
02-Jun-22 12:00:00 AM,5412,173,128,894,92,261,48,98,4,153,57,51,98,3355
26-May-22 12:00:00 AM,5725,258,148,936,97,270,45,103,6,147,78,73,113,3451
19-May-22 12:00:00 AM,5380,207,134,983,74,215,31,103,8,162,59,73,64,3267
10-May-22 12:00:00 AM,5542,203,169,943,89,249,34,94,4,145,55,72,94,3391
05-May-22 12:00:00 AM,5845,254,142,1141,112,259,32,104,6,192,111,80,99,3313
27-Apr-22 12:00:00 AM,4865,192,132,835,68,223,27,87,6,122,68,72,89,2944
23-Apr-22 12:00:00 AM,2056,40,162,223,14,43,16,23,4,17,10,49,48,1407
18-Apr-22 12:00:00 AM,6774,280,190,1188,103,306,31,120,5,210,97,80,94,4070
14-Apr-22 12:00:00 AM,4567,181,138,753,77,236,29,86,4,177,71,68,92,2655
12-Apr-22 12:00:00 AM,6697,292,178,1332,112,383,21,113,3,246,103,97,83,3734
28-Mar-22 12:00:00 AM,6685,262,166,1083,108,739,64,95,2,377,107,77,76,3529
18-Mar-22 12:00:00 AM,5742,203,145,852,113,756,81,94,6,295,76,60,74,2987
17-Mar-22 12:00:00 AM,5397,175,160,733,91,583,77,92,4,292,67,59,55,3009
15-Mar-22 12:00:00 AM,5818,200,178,857,114,583,52,104,4,268,75,78,64,3241
14-Mar-22 12:00:00 AM,7155,285,169,1085,130,699,84,117,2,341,117,104,87,3935
08-Mar-22 12:00:00 AM,5435,190,182,890,104,395,38,88,9,161,69,74,70,3165
13-Feb-22 12:00:00 AM,1489,30,133,162,13,25,9,9,0,5,3,31,13,1056
10-Feb-22 12:00:00 AM,4211,147,151,740,93,218,21,65,10,100,67,73,58,2468
31-Jan-22 12:00:00 AM,481,2,60,23,1,2,1,1,0,4,5,4,10,368
30-Jan-22 12:00:00 AM,701,12,82,108,10,13,5,11,2,7,8,11,11,421
27-Jan-22 12:00:00 AM,4364,187,175,904,108,294,16,83,2,138,66,60,43,2288
26-Jan-22 12:00:00 AM,4499,212,146,958,111,262,16,86,2,133,90,66,38,2379
21-Jan-22 12:00:00 AM,3881,168,135,840,84,232,18,79,5,121,64,29,29,2077
16-Jan-22 12:00:00 AM,826,31,42,104,9,19,3,20,4,5,4,12,11,562
06-Jan-22 12:00:00 AM,3723,161,101,894,99,242,18,76,5,111,47,24,18,1927
08-Dec-24 12:00:00 AM,2927,29,397,456,6,31,72,15,138,39,20,52,52,1620
03-Jan-25 12:00:00 AM,9958,599,518,2006,116,452,113,134,146,350,95,106,79,5244
23-Jan-25 12:00:00 AM,8835,422,421,1627,137,577,119,167,159,483,98,88,71,4466
07-Feb-25 12:00:00 AM,8269,382,324,1290,104,458,114,132,147,475,77,104,101,4561
23-Nov-24 12:00:00 AM,3196,32,269,366,5,48,92,25,212,63,36,70,58,1920
17-Nov-24 12:00:00 AM,3027,17,355,436,8,44,62,20,152,49,13,65,61,1745
28-Oct-24 12:00:00 AM,9282,363,239,1376,164,488,155,170,179,399,138,123,135,5353
17-Oct-24 12:00:00 AM,7352,275,237,1043,127,363,95,173,143,310,119,86,116,4265
06-Oct-24 12:00:00 AM,3035,14,397,510,8,22,53,22,146,54,6,73,43,1687
15-Sep-24 12:00:00 AM,2939,26,399,514,10,27,45,18,115,33,17,57,43,1635
11-Sep-24 12:00:00 AM,6750,311,298,1109,112,337,66,160,101,245,104,93,63,3751
24-Aug-24 12:00:00 AM,2784,39,239,347,12,32,36,21,144,40,33,83,49,1709
15-Aug-24 12:00:00 AM,7114,298,258,1137,118,312,47,142,162,237,115,122,93,4073
12-Aug-24 12:00:00 AM,9614,418,288,1488,138,349,57,262,213,325,130,130,108,5708
08-Aug-24 12:00:00 AM,7116,277,214,1130,102,278,58,198,144,237,104,89,73,4212
01-Aug-24 12:00:00 AM,7204,239,232,1027,91,292,54,181,153,224,113,82,102,4414
23-Jul-24 12:00:00 AM,7808,259,265,1226,119,314,69,187,171,239,140,130,101,4588
21-Jul-24 12:00:00 AM,2464,30,350,408,5,13,20,8,112,24,21,56,47,1370
19-Jul-24 12:00:00 AM,7148,321,271,1305,133,321,53,180,105,208,102,97,98,3954
17-Jul-24 12:00:00 AM,6895,268,299,1161,91,250,44,152,151,187,90,80,88,4034
04-Jul-24 12:00:00 AM,6674,287,204,1077,105,231,47,144,113,204,89,114,94,3965
21-Jun-24 12:00:00 AM,7066,361,282,1190,121,245,60,168,161,238,93,96,83,3968
19-Jun-24 12:00:00 AM,6840,269,273,1075,124,299,60,125,151,184,84,117,75,4004
14-Jun-24 12:00:00 AM,7637,338,234,1236,109,340,53,185,148,226,112,91,70,4495
10-Jun-24 12:00:00 AM,6962,252,179,1106,124,291,54,138,151,234,86,76,114,4157
28-May-24 12:00:00 AM,6713,234,230,1002,101,285,81,130,121,251,89,84,79,4026
25-May-24 12:00:00 AM,2826,42,303,401,10,19,34,37,149,49,41,59,42,1640
24-May-24 12:00:00 AM,7962,419,290,1320,95,348,90,162,153,248,115,110,90,4522
13-May-24 12:00:00 AM,8694,389,271,1388,100,342,73,196,192,286,136,112,129,5080
01-May-24 12:00:00 AM,1952,46,158,228,5,19,21,16,79,30,20,52,38,1240
27-Apr-24 12:00:00 AM,2846,52,379,414,12,34,34,12,131,26,9,74,52,1617
24-Apr-24 12:00:00 AM,6921,319,302,1094,81,293,67,156,149,238,91,85,106,3940
14-Apr-24 12:00:00 AM,2548,16,290,360,3,18,46,15,124,24,17,57,53,1525
06-Apr-24 12:00:00 AM,2676,38,203,280,13,31,34,33,142,40,21,75,61,1705
07-Apr-24 12:00:00 AM,2224,12,185,242,11,10,36,15,98,20,11,50,42,1492
16-Mar-24 12:00:00 AM,2823,26,229,300,11,45,37,24,165,31,7,85,69,1794
14-Mar-24 12:00:00 AM,6533,207,165,944,133,312,81,140,169,307,94,80,117,3784
07-Mar-24 12:00:00 AM,6752,286,202,1105,79,310,94,137,153,267,94,102,117,3806
02-Mar-24 12:00:00 AM,3346,37,437,516,12,32,34,30,168,51,11,75,69,1874
03-Mar-24 12:00:00 AM,2835,33,475,500,4,22,40,11,110,25,7,56,55,1497
14-Feb-24 12:00:00 AM,1433,32,50,106,9,51,17,13,35,24,9,19,26,1042
20-Jan-24 12:00:00 AM,2646,27,165,333,12,40,45,23,167,62,16,61,29,1666
24-Dec-23 12:00:00 AM,2342,29,263,306,11,19,60,23,138,36,6,48,35,1368
15-Dec-23 12:00:00 AM,8069,272,201,1341,116,573,134,181,122,390,104,112,105,4418
06-Dec-23 12:00:00 AM,7265,250,244,1150,114,453,107,152,138,310,85,104,88,4070
01-Dec-23 12:00:00 AM,8096,316,222,1336,123,528,133,176,150,390,102,94,79,4447
30-Nov-23 12:00:00 AM,6846,264,176,1097,87,497,104,141,131,330,60,78,96,3785
28-Nov-23 12:00:00 AM,7923,255,180,1258,135,546,120,194,141,353,108,98,99,4436
23-Nov-23 12:00:00 AM,7023,248,212,1233,100,474,78,151,135,273,84,85,106,3844
17-Nov-23 12:00:00 AM,7881,302,213,1335,124,563,124,145,125,378,98,80,104,4290
01-Nov-23 12:00:00 AM,6978,267,191,1071,84,460,107,137,124,329,87,78,73,3970
17-Oct-23 12:00:00 AM,7578,299,202,1230,110,502,85,169,184,290,96,91,78,4242
11-Oct-23 12:00:00 AM,7207,284,225,1113,112,442,110,156,161,293,97,78,103,4033
10-Oct-23 12:00:00 AM,7071,283,218,1132,124,366,79,154,164,273,80,78,74,4046
07-Oct-23 12:00:00 AM,2917,28,234,381,7,47,64,21,152,39,9,71,49,1815
01-Oct-23 12:00:00 AM,2667,25,241,349,5,16,59,17,172,29,5,51,35,1663
13-Sep-23 12:00:00 AM,7056,266,209,1169,131,425,80,149,158,231,77,87,83,3991
03-Sep-23 12:00:00 AM,2006,26,196,257,9,14,37,15,133,9,7,42,36,1225
31-Aug-23 12:00:00 AM,6646,264,196,1110,93,328,45,146,144,193,111,79,51,3886
01-Sep-23 12:00:00 AM,2981,78,203,358,20,34,28,31,155,34,21,53,49,1917
24-Aug-23 12:00:00 AM,6914,279,202,1156,80,294,63,182,169,177,70,98,80,4064
10-Aug-23 12:00:00 AM,6898,251,191,1134,108,303,58,131,143,205,109,94,79,4092
02-Aug-23 12:00:00 AM,7069,275,226,1140,113,264,74,122,194,218,93,101,70,4179
30-Jul-23 12:00:00 AM,2476,17,289,447,5,16,15,14,165,19,11,60,29,1389
24-Jul-23 12:00:00 AM,9071,318,237,1582,114,387,68,193,197,279,172,109,97,5318
14-Jul-23 12:00:00 AM,7437,267,234,1297,95,297,71,151,168,250,123,101,92,4291
16-Jul-23 12:00:00 AM,2067,13,298,381,6,15,15,6,128,24,7,50,25,1099
11-Jul-23 12:00:00 AM,7162,256,176,1125,86,321,61,126,169,223,129,112,75,4303
09-Jul-23 12:00:00 AM,2280,12,250,331,6,15,41,17,134,28,6,49,27,1364
05-Jul-23 12:00:00 AM,6552,246,204,1086,106,314,63,144,146,191,92,107,93,3760
04-Jul-23 12:00:00 AM,7229,244,226,1208,114,284,65,169,174,214,121,101,84,4225
24-Jun-23 12:00:00 AM,2584,42,202,323,7,19,39,33,159,33,18,84,55,1570
20-Jun-23 12:00:00 AM,6685,261,201,1099,108,277,52,154,170,217,105,79,92,3870
16-Jun-23 12:00:00 AM,6953,272,232,1171,90,248,43,204,145,200,81,103,85,4079
14-Jun-23 12:00:00 AM,6377,222,162,1014,106,283,53,138,148,221,94,112,75,3749
25-May-23 12:00:00 AM,6695,271,207,1073,89,342,95,143,105,238,81,79,86,3886
21-May-23 12:00:00 AM,2354,9,322,385,8,39,35,21,138,29,10,43,22,1293
18-May-23 12:00:00 AM,6097,232,145,993,90,338,72,116,115,219,73,68,61,3575
15-May-23 12:00:00 AM,8297,326,186,1306,110,475,79,188,146,312,123,116,104,4826
03-May-23 12:00:00 AM,3016,48,187,299,6,64,60,34,139,70,22,83,73,1931
24-Apr-23 12:00:00 AM,8537,322,251,1248,103,487,94,164,160,299,120,103,111,5075
14-Mar-23 12:00:00 AM,7009,294,191,1068,89,465,82,138,116,312,81,92,93,3988
27-Feb-23 12:00:00 AM,8600,236,257,1212,105,626,120,170,153,423,91,112,118,4977
09-Feb-23 12:00:00 AM,6537,248,200,965,73,508,89,123,110,210,75,53,96,3787
28-Jan-23 12:00:00 AM,2533,27,167,291,3,71,49,17,108,52,4,59,41,1644
20-Jan-23 12:00:00 AM,1396,28,74,104,3,69,16,15,18,28,5,10,16,1010
17-Jan-23 12:00:00 AM,8428,332,234,1438,157,635,105,142,128,453,101,75,51,4577
09-Jan-23 12:00:00 AM,8790,348,244,1469,119,667,103,136,113,415,104,95,73,4904
09-Jun-25 12:00:00 AM,8850,383,351,1520,116,282,65,151,145,273,101,119,123,5221
29-May-25 12:00:00 AM,5851,225,214,937,71,263,51,147,96,221,77,88,80,3381
28-May-25 12:00:00 AM,6410,265,210,945,62,312,66,124,154,266,78,78,82,3768
20-May-25 12:00:00 AM,6777,313,235,1034,74,278,72,136,126,232,94,72,107,4004
15-May-25 12:00:00 AM,6633,288,331,1145,90,284,69,136,142,242,58,94,83,3671
11-May-25 12:00:00 AM,2885,7,486,468,7,20,41,18,124,31,7,47,39,1590
10-May-25 12:00:00 AM,3272,57,390,416,13,45,37,25,143,61,36,62,47,1940
01-May-25 12:00:00 AM,1996,36,142,237,11,15,39,12,83,29,19,40,40,1293
24-Apr-25 12:00:00 AM,6414,258,198,957,81,209,57,151,143,228,107,103,101,3821
20-Apr-25 12:00:00 AM,2876,30,467,476,8,18,35,12,118,34,21,47,44,1566
11-Apr-25 12:00:00 AM,7768,363,332,1453,101,339,87,147,146,295,106,84,92,4223
30-Mar-25 12:00:00 AM,1953,10,173,188,5,16,43,10,93,18,10,51,28,1308
27-Mar-25 12:00:00 AM,6200,243,149,972,73,292,64,171,135,200,102,79,107,3613
24-Mar-25 12:00:00 AM,8843,366,317,1358,113,372,88,176,155,334,138,119,143,5164
20-Mar-25 12:00:00 AM,7309,337,327,1269,80,308,86,149,143,234,87,115,118,4056
13-Mar-25 12:00:00 AM,6748,289,283,1091,75,272,74,145,136,247,98,87,110,3841
20-Dec-22 12:00:00 AM,7064,262,202,1048,107,488,126,121,128,347,93,85,77,3980
08-Dec-22 12:00:00 AM,6932,246,171,970,87,480,91,135,94,350,81,48,88,4091
10-Dec-22 12:00:00 AM,2782,27,189,279,12,76,62,13,120,46,8,75,40,1835
22-Nov-22 12:00:00 AM,7256,265,181,1138,99,573,112,119,97,354,96,67,101,4054
07-Nov-22 12:00:00 AM,8851,312,212,1436,88,691,131,152,108,403,142,97,87,4992
31-Oct-22 12:00:00 AM,9158,328,209,1370,123,683,152,143,104,439,125,96,108,5278
13-Oct-22 12:00:00 AM,7108,176,150,939,116,656,163,105,100,346,56,69,88,4144
09-Oct-22 12:00:00 AM,2571,10,232,321,13,87,83,21,92,42,2,58,33,1577
17-Sep-22 12:00:00 AM,2869,20,170,265,12,102,79,19,86,51,18,43,66,1938
13-Sep-22 12:00:00 AM,6939,240,173,1082,125,575,98,107,124,249,91,64,62,3949
11-Sep-22 12:00:00 AM,2305,19,189,283,9,67,55,13,105,21,2,35,25,1482
03-Sep-22 12:00:00 AM,2075,27,132,195,8,33,28,24,77,42,8,39,38,1424
02-Sep-22 12:00:00 AM,2048,28,116,183,9,76,22,22,53,54,5,24,35,1421
22-Aug-22 12:00:00 AM,8283,306,190,1280,153,425,55,149,9,252,123,114,118,5109
16-Aug-22 12:00:00 AM,6670,271,142,1069,112,344,52,126,4,193,91,81,94,4091
07-Aug-22 12:00:00 AM,1974,18,169,287,7,30,20,10,1,25,2,32,31,1342
26-Jul-22 12:00:00 AM,6199,241,170,1019,117,317,51,112,3,169,75,78,102,3745
15-Jul-22 12:00:00 AM,7248,301,239,1287,118,382,72,155,9,257,66,97,83,4182
07-Jul-22 12:00:00 AM,5653,237,151,955,86,278,60,99,5,197,75,88,97,3325
03-Jul-22 12:00:00 AM,1886,14,167,227,15,31,29,16,0,32,4,37,23,1291
19-Jun-22 12:00:00 AM,2133,12,186,277,5,25,33,18,0,21,5,33,23,1495
13-Jun-22 12:00:00 AM,7535,306,173,1169,131,389,64,129,9,231,101,93,130,4610
11-Jun-22 12:00:00 AM,2472,28,140,221,13,32,25,19,0,42,12,48,58,1834
07-Jun-22 12:00:00 AM,6270,241,168,999,97,298,58,104,3,166,90,53,107,3886
04-Jun-22 12:00:00 AM,2343,32,156,238,11,24,23,19,1,28,9,64,59,1679
24-May-22 12:00:00 AM,6488,237,171,1127,102,317,42,113,8,178,82,67,116,3928
21-May-22 12:00:00 AM,2285,18,168,231,10,24,15,18,3,16,3,58,54,1667
18-May-22 12:00:00 AM,5004,211,144,849,68,205,24,77,5,116,55,59,77,3114
11-May-22 12:00:00 AM,5604,209,171,951,92,258,27,97,9,153,89,78,123,3347
06-May-22 12:00:00 AM,6641,278,181,1312,123,319,28,111,9,204,96,76,89,3815
30-Apr-22 12:00:00 AM,1271,13,72,136,2,8,11,9,1,10,11,24,31,943
25-Apr-22 12:00:00 AM,6613,326,209,1065,104,284,38,95,6,177,108,85,113,4003
06-Apr-22 12:00:00 AM,4737,153,153,841,88,349,28,60,5,172,70,66,77,2675
05-Apr-22 12:00:00 AM,4570,136,135,769,65,361,25,83,5,209,57,56,65,2604
30-Mar-22 12:00:00 AM,4838,174,120,778,81,466,51,78,0,227,68,60,72,2663
25-Mar-22 12:00:00 AM,5499,205,181,929,90,697,84,95,4,273,61,65,52,2763
21-Mar-22 12:00:00 AM,6961,244,177,1014,122,804,79,95,4,385,108,85,71,3773
20-Mar-22 12:00:00 AM,1724,27,163,195,8,32,34,10,0,32,6,37,21,1159
19-Mar-22 12:00:00 AM,1919,42,148,191,13,42,18,12,1,17,11,47,53,1324
16-Mar-22 12:00:00 AM,5455,204,143,808,112,660,66,88,3,295,77,75,74,2850
06-Mar-22 12:00:00 AM,1622,22,146,180,5,25,22,6,1,22,4,33,18,1138
25-Feb-22 12:00:00 AM,5288,246,181,1004,103,250,28,95,6,162,68,68,79,2998
27-Feb-22 12:00:00 AM,1721,30,159,164,30,29,11,9,0,18,4,37,27,1203
21-Feb-22 12:00:00 AM,6410,253,225,1200,92,256,19,105,5,198,102,79,72,3804
14-Feb-22 12:00:00 AM,5577,227,202,998,94,254,30,98,10,142,71,82,68,3301
09-Feb-22 12:00:00 AM,4416,170,155,726,67,197,19,64,0,123,58,52,45,2740
05-Feb-22 12:00:00 AM,816,19,52,69,7,16,5,6,6,17,3,18,26,572
18-Jan-22 12:00:00 AM,3737,156,137,780,111,225,5,64,3,116,58,45,26,2011
20-Dec-24 12:00:00 AM,7905,311,288,1229,114,426,141,177,147,355,103,76,138,4400
22-Dec-24 12:00:00 AM,2993,20,346,422,8,39,84,14,148,52,15,65,40,1740
29-Dec-24 12:00:00 AM,2517,11,308,414,7,44,50,11,110,23,8,48,44,1439
31-Dec-24 12:00:00 AM,6122,262,219,933,91,327,102,132,117,301,81,72,65,3420
07-Jan-25 12:00:00 AM,8152,370,318,1398,94,418,75,128,134,382,89,94,95,4557
09-Jan-25 12:00:00 AM,7223,277,250,1175,93,375,99,136,126,362,90,88,89,4063
10-Jan-25 12:00:00 AM,7901,330,225,1231,122,478,147,141,123,401,99,118,114,4372
26-Jan-25 12:00:00 AM,2322,14,370,400,4,31,61,13,107,26,3,41,19,1233
05-Feb-25 12:00:00 AM,7961,325,217,1105,101,433,84,129,131,462,70,135,82,4687
11-Feb-25 12:00:00 AM,7579,318,273,1169,113,420,68,102,127,377,92,69,114,4337
12-Feb-25 12:00:00 AM,6998,261,297,1101,78,393,92,133,140,374,63,99,92,3875
15-Feb-25 12:00:00 AM,3206,40,381,400,6,40,45,20,164,106,20,61,41,1882
17-Feb-25 12:00:00 AM,9389,444,357,1402,91,450,95,145,152,401,129,134,159,5430
21-Feb-25 12:00:00 AM,8137,396,371,1366,111,424,118,139,163,384,108,97,87,4373
22-Feb-25 12:00:00 AM,3299,37,375,432,8,39,58,11,154,52,22,81,63,1967
27-Nov-24 12:00:00 AM,6748,268,242,973,97,374,112,126,155,299,95,94,103,3810
26-Nov-24 12:00:00 AM,7251,247,213,1107,126,386,126,156,162,350,114,85,103,4076
25-Nov-24 12:00:00 AM,9364,369,308,1429,140,497,150,169,161,408,153,138,123,5319
15-Nov-24 12:00:00 AM,7705,322,221,1174,149,471,138,182,153,322,95,93,100,4285
03-Nov-24 12:00:00 AM,2997,14,386,443,5,37,74,12,136,39,19,56,32,1744
02-Nov-24 12:00:00 AM,3217,41,279,432,4,52,76,27,168,60,29,70,64,1915
10-Oct-24 12:00:00 AM,6924,279,247,1128,116,345,90,136,165,304,88,72,57,3897
09-Oct-24 12:00:00 AM,7438,345,284,1193,105,405,90,177,167,319,87,99,87,4080
08-Oct-24 12:00:00 AM,7010,242,287,1108,123,370,72,141,158,286,75,97,69,3982
13-Sep-24 12:00:00 AM,8431,371,320,1516,121,379,98,187,169,382,121,89,109,4569
09-Sep-24 12:00:00 AM,8984,379,292,1638,128,375,52,219,168,303,132,141,75,5082
31-Aug-24 12:00:00 AM,2870,55,237,374,7,30,34,27,151,30,33,63,33,1796
05-Aug-24 12:00:00 AM,9341,375,263,1424,148,360,63,203,167,310,170,146,114,5598
04-Aug-24 12:00:00 AM,2546,26,295,403,5,24,34,18,101,22,12,50,38,1518
27-Jul-24 12:00:00 AM,2462,41,207,311,10,16,30,21,133,34,30,60,46,1523
05-Jul-24 12:00:00 AM,7298,323,246,1316,113,255,56,182,147,207,109,121,88,4135
28-Jun-24 12:00:00 AM,7068,327,189,1198,127,298,44,193,132,236,99,91,107,4027
16-Jun-24 12:00:00 AM,2473,10,343,372,1,22,27,14,126,27,4,50,60,1417
07-May-24 12:00:00 AM,7090,293,200,1114,93,304,56,137,162,196,103,91,97,4244
29-Apr-24 12:00:00 AM,3335,87,254,430,18,54,59,44,129,49,30,78,70,2033
21-Apr-24 12:00:00 AM,2628,19,344,395,5,21,60,14,122,42,14,60,51,1481
17-Apr-24 12:00:00 AM,7003,261,175,1060,102,314,83,146,172,217,87,124,119,4143
11-Apr-24 12:00:00 AM,6583,247,197,955,90,303,55,140,129,251,97,78,107,3934
08-Apr-24 12:00:00 AM,8882,380,178,1439,123,387,94,192,142,296,129,142,130,5250
05-Apr-24 12:00:00 AM,7482,357,222,1360,101,370,109,182,167,311,91,83,104,4025
01-Apr-24 12:00:00 AM,8569,358,329,1399,115,356,94,141,115,334,128,131,115,4954
29-Mar-24 12:00:00 AM,7496,347,300,1278,116,321,95,153,151,301,119,90,103,4122
17-Mar-24 12:00:00 AM,2513,32,295,314,4,11,43,21,122,36,8,63,55,1509
22-Feb-24 12:00:00 AM,7093,301,185,1073,101,379,72,131,152,263,96,92,94,4154
15-Feb-24 12:00:00 AM,7529,198,224,1011,78,299,85,148,173,305,85,105,112,4706
12-Feb-24 12:00:00 AM,797,14,11,78,0,14,16,12,16,11,4,18,16,587
31-Jan-24 12:00:00 AM,7839,326,388,1405,116,502,106,130,132,294,102,83,100,4155
30-Jan-24 12:00:00 AM,8167,318,378,1415,123,507,113,174,131,344,100,109,84,4371
27-Dec-23 12:00:00 AM,6981,224,177,1030,114,471,101,126,118,376,98,99,90,3957
02-Dec-23 12:00:00 AM,2936,39,257,382,16,63,47,24,167,47,24,73,42,1755
29-Nov-23 12:00:00 AM,7134,288,172,1120,118,509,115,155,133,311,82,128,78,3925
18-Nov-23 12:00:00 AM,2899,41,267,372,1,61,79,38,141,53,13,62,38,1733
24-Oct-23 12:00:00 AM,7851,256,204,1252,162,483,103,188,157,339,88,86,76,4457
05-Oct-23 12:00:00 AM,7128,267,196,1171,123,399,71,178,152,263,81,89,81,4057
25-Aug-23 12:00:00 AM,7436,254,264,1380,111,338,54,161,158,207,109,65,78,4257
08-Aug-23 12:00:00 AM,7168,263,180,1168,103,354,61,147,181,257,98,94,81,4181
27-Jul-23 12:00:00 AM,6647,258,218,1110,100,286,73,124,165,226,104,93,87,3803
08-Jul-23 12:00:00 AM,2586,35,191,334,14,33,45,23,170,25,18,43,42,1613
06-Jul-23 12:00:00 AM,6247,233,176,1064,95,249,59,144,132,189,93,85,72,3656
05-Jun-23 12:00:00 AM,8329,347,255,1405,110,352,52,148,189,265,121,108,101,4876
16-May-23 12:00:00 AM,6561,263,169,968,85,369,78,126,159,240,79,86,87,3852
08-May-23 12:00:00 AM,8993,362,245,1633,136,482,84,176,155,314,130,130,87,5059
04-May-23 12:00:00 AM,9231,431,221,1623,100,522,81,231,147,346,160,114,108,5147
19-Apr-23 12:00:00 AM,6008,226,142,847,79,362,95,105,101,195,66,93,83,3614
11-Apr-23 12:00:00 AM,6862,301,196,1061,75,387,113,136,158,256,95,84,104,3896
29-Mar-23 12:00:00 AM,6340,236,216,942,85,403,83,123,102,235,100,83,111,3621
27-Mar-23 12:00:00 AM,8168,277,253,1233,103,509,89,136,137,306,117,88,107,4813
05-Mar-23 12:00:00 AM,2444,12,244,320,7,32,81,14,124,54,5,68,41,1442
18-Feb-23 12:00:00 AM,2718,38,140,255,7,64,53,21,150,49,10,63,62,1806
07-Feb-23 12:00:00 AM,7120,266,201,1170,95,528,89,116,128,356,85,79,94,3913
04-Feb-23 12:00:00 AM,2601,43,224,299,8,69,64,27,110,41,6,45,54,1611
30-Jan-23 12:00:00 AM,9502,282,315,1513,119,618,98,158,149,420,123,107,105,5495
19-Jan-23 12:00:00 AM,6760,247,146,1089,122,626,117,166,115,408,76,54,54,3540
21-Jan-23 12:00:00 AM,647,7,21,60,0,16,5,11,22,11,2,2,3,487
03-Jan-23 12:00:00 AM,11297,610,353,2115,98,576,145,167,116,342,130,85,84,6476
21-Jun-25 12:00:00 AM,2453,31,256,300,13,22,13,21,152,26,42,47,45,1485
31-May-25 12:00:00 AM,2210,23,269,268,9,22,25,16,99,24,27,59,24,1345
14-May-25 12:00:00 AM,6614,265,361,1039,92,300,65,133,144,231,94,81,87,3722
25-Apr-25 12:00:00 AM,6716,354,193,1045,67,267,73,159,123,251,102,99,102,3881
18-Apr-25 12:00:00 AM,7827,409,375,1347,65,297,74,152,182,243,104,80,96,4403
28-Mar-25 12:00:00 AM,6250,233,149,944,104,322,84,156,139,240,70,71,95,3643
19-Mar-25 12:00:00 AM,7098,266,379,1216,89,317,72,127,121,238,127,106,99,3941
18-Mar-25 12:00:00 AM,7306,336,312,1175,107,301,80,153,144,242,123,90,115,4128
04-Mar-25 12:00:00 AM,6709,201,181,897,66,324,83,122,147,297,113,94,125,4059
03-Mar-25 12:00:00 AM,8330,238,177,1089,98,386,86,140,159,375,147,143,133,5159
02-Dec-22 12:00:00 AM,7421,271,164,1156,99,598,153,131,127,353,84,69,97,4119
30-Nov-22 12:00:00 AM,6677,218,174,950,97,586,127,108,115,315,84,79,84,3740
25-Nov-22 12:00:00 AM,7947,228,188,1148,119,714,142,147,117,369,103,71,93,4508
24-Nov-22 12:00:00 AM,7003,212,155,1013,103,540,127,120,113,357,84,85,89,4005
23-Nov-22 12:00:00 AM,6056,218,168,808,106,563,103,106,116,305,98,54,70,3341
11-Nov-22 12:00:00 AM,7901,294,165,1245,99,710,132,130,107,385,114,82,82,4356
05-Nov-22 12:00:00 AM,3070,34,206,329,4,101,67,25,97,74,6,62,59,2006
06-Oct-22 12:00:00 AM,6610,202,144,939,116,608,126,100,84,338,63,57,88,3745
04-Oct-22 12:00:00 AM,7100,214,146,967,126,599,154,123,75,319,98,60,87,4132
26-Sep-22 12:00:00 AM,8882,281,210,1223,117,700,190,156,74,364,100,89,108,5270
21-Sep-22 12:00:00 AM,6887,200,133,977,111,640,156,107,102,318,97,67,71,3908
18-Sep-22 12:00:00 AM,2438,21,197,261,5,63,76,10,82,37,0,52,42,1592
15-Sep-22 12:00:00 AM,6886,240,155,1012,99,529,118,92,107,246,90,63,84,4051
08-Sep-22 12:00:00 AM,6507,253,166,1047,111,430,58,105,97,230,75,52,79,3804
06-Sep-22 12:00:00 AM,7172,310,165,1197,150,433,53,143,98,267,89,94,68,4105
30-Aug-22 12:00:00 AM,6768,275,167,1089,118,377,48,122,90,227,85,66,91,4013
29-Aug-22 12:00:00 AM,8434,357,202,1468,127,457,55,171,103,287,111,99,89,4908
20-Aug-22 12:00:00 AM,2346,31,146,238,8,56,21,31,3,38,19,52,64,1639
04-Aug-22 12:00:00 AM,6252,205,183,1061,116,336,53,100,12,210,73,71,128,3704
24-Jul-22 12:00:00 AM,1974,26,148,236,12,22,20,11,1,28,1,46,34,1389
18-Jul-22 12:00:00 AM,8420,317,198,1418,153,402,66,151,12,263,118,111,117,5094
16-Jul-22 12:00:00 AM,2253,32,179,245,12,31,21,28,2,37,13,42,28,1583
18-Jun-22 12:00:00 AM,2360,43,152,244,8,44,21,28,1,16,12,62,67,1662
12-Jun-22 12:00:00 AM,1891,15,185,223,9,19,22,15,2,16,8,27,33,1317
08-Jun-22 12:00:00 AM,5813,187,131,987,91,307,69,103,10,177,80,70,101,3500
31-May-22 12:00:00 AM,6028,217,152,889,84,310,42,129,5,193,73,79,112,3743
29-May-22 12:00:00 AM,1795,17,140,203,12,18,22,20,0,11,2,43,30,1277
20-May-22 12:00:00 AM,6310,253,178,1139,90,304,44,155,7,150,76,81,132,3701
16-May-22 12:00:00 AM,6833,278,184,1142,110,211,43,100,5,179,87,69,117,4308
21-Apr-22 12:00:00 AM,4985,198,160,797,75,241,37,89,3,182,59,62,77,3005
16-Apr-22 12:00:00 AM,1926,42,149,196,12,15,10,16,1,10,8,59,41,1367
10-Apr-22 12:00:00 AM,1562,32,151,221,12,36,8,9,1,13,3,31,15,1030
09-Apr-22 12:00:00 AM,1940,35,157,212,16,32,8,19,0,21,9,66,30,1335
01-Mar-22 12:00:00 AM,5331,232,125,964,103,285,30,109,8,140,74,80,67,3114
03-Feb-22 12:00:00 AM,420,0,21,22,2,1,0,4,0,2,2,1,5,360
02-Feb-22 12:00:00 AM,390,0,10,22,0,3,1,7,0,7,0,0,8,332
25-Jan-22 12:00:00 AM,3948,170,126,816,101,230,13,77,1,134,81,43,49,2107
19-Jan-22 12:00:00 AM,3412,141,120,669,53,168,6,58,1,90,70,48,24,1964
09-Jan-22 12:00:00 AM,770,14,39,100,8,17,2,3,0,3,0,12,5,567
04-Jan-22 12:00:00 AM,6268,369,186,1741,83,298,20,79,2,161,58,43,30,3198
02-Jan-22 12:00:00 AM,819,37,74,122,6,23,0,4,2,9,2,14,5,521
06-Dec-24 12:00:00 AM,8231,349,350,1338,100,478,126,163,149,362,91,99,98,4528
07-Dec-24 12:00:00 AM,3192,46,327,425,20,32,78,35,176,75,24,71,54,1829
10-Dec-24 12:00:00 AM,7715,298,274,1243,121,453,92,169,126,295,124,106,107,4307
13-Dec-24 12:00:00 AM,5749,284,208,914,100,312,90,103,102,273,58,70,74,3161
14-Dec-24 12:00:00 AM,2861,43,259,386,15,38,59,18,130,66,3,67,48,1729
24-Dec-24 12:00:00 AM,6975,226,215,963,119,487,109,126,121,312,97,95,116,3989
11-Jan-25 12:00:00 AM,2837,26,251,334,13,54,85,14,133,55,22,76,42,1732
18-Jan-25 12:00:00 AM,2788,30,253,324,15,45,65,17,149,61,8,65,31,1725
27-Jan-25 12:00:00 AM,1948,51,119,230,5,51,42,22,53,45,8,33,15,1274
02-Feb-25 12:00:00 AM,1242,16,53,102,1,24,38,13,53,6,3,25,33,875
01-Feb-25 12:00:00 AM,1372,7,56,133,2,20,44,17,49,25,4,13,19,983
28-Feb-25 12:00:00 AM,6647,210,130,887,100,451,97,133,122,309,98,107,98,3905
29-Nov-24 12:00:00 AM,7558,317,287,1276,109,441,136,167,140,366,96,81,103,4039
21-Nov-24 12:00:00 AM,7284,270,267,1092,102,366,136,118,165,283,81,88,103,4213
18-Nov-24 12:00:00 AM,9293,365,282,1409,120,507,146,176,203,400,112,116,151,5306
08-Nov-24 12:00:00 AM,8166,348,300,1373,117,481,100,163,169,345,116,94,93,4467
09-Nov-24 12:00:00 AM,3166,41,283,417,10,42,77,22,128,43,31,86,59,1927
25-Oct-24 12:00:00 AM,8133,319,266,1323,139,500,117,166,142,377,79,99,97,4509
13-Oct-24 12:00:00 AM,3062,8,432,493,3,17,60,13,139,22,14,53,40,1768
03-Oct-24 12:00:00 AM,6853,296,237,1048,80,314,84,150,142,263,99,98,79,3963
25-Sep-24 12:00:00 AM,6555,248,187,997,97,376,92,146,122,325,105,101,79,3680
23-Sep-24 12:00:00 AM,9215,356,256,1512,108,473,125,219,124,376,133,138,134,5261
10-Sep-24 12:00:00 AM,7366,308,315,1299,122,348,58,160,167,253,85,102,94,4055
07-Sep-24 12:00:00 AM,2687,63,264,365,11,26,36,18,160,46,38,62,41,1557
08-Sep-24 12:00:00 AM,2735,20,371,465,11,29,48,13,106,37,18,52,33,1532
26-Aug-24 12:00:00 AM,8440,359,218,1406,139,333,69,185,162,312,109,97,114,4937
21-Aug-24 12:00:00 AM,6907,250,267,1044,106,280,44,157,119,213,104,124,81,4118
17-Aug-24 12:00:00 AM,2744,62,297,359,11,29,27,29,142,50,36,48,41,1613
09-Aug-24 12:00:00 AM,8042,374,226,1323,129,319,91,201,170,278,108,123,100,4600
30-Jul-24 12:00:00 AM,7341,258,197,1143,130,303,49,193,171,226,109,85,76,4401
25-Jul-24 12:00:00 AM,6680,282,222,1002,93,262,52,136,127,209,110,97,101,3987
20-Jul-24 12:00:00 AM,2570,30,317,390,9,22,18,16,102,28,29,68,61,1480
14-Jul-24 12:00:00 AM,2446,16,353,372,5,14,34,11,118,19,4,61,43,1396
09-Jul-24 12:00:00 AM,7307,258,203,1041,117,322,52,185,158,228,125,107,99,4412
08-Jul-24 12:00:00 AM,8833,349,242,1426,141,331,50,199,167,284,145,131,124,5244
25-Jun-24 12:00:00 AM,7143,263,239,1124,130,319,51,171,135,228,96,134,96,4157
23-Jun-24 12:00:00 AM,2394,16,368,416,6,22,23,16,118,19,15,50,32,1293
09-Jun-24 12:00:00 AM,2298,18,315,367,12,12,14,14,112,14,5,60,36,1319
06-Jun-24 12:00:00 AM,6800,283,250,1125,89,277,49,133,119,195,104,109,79,3988
30-May-24 12:00:00 AM,6190,228,180,937,89,295,72,137,106,216,99,86,67,3678
22-May-24 12:00:00 AM,6833,259,273,1078,95,332,64,135,126,224,84,101,93,3969
14-May-24 12:00:00 AM,6893,264,182,1054,101,343,74,162,138,231,102,106,112,4024
15-May-24 12:00:00 AM,5959,233,187,853,94,270,56,142,125,191,66,81,84,3577
06-May-24 12:00:00 AM,9300,455,219,1663,134,418,73,198,186,308,127,131,94,5294
03-May-24 12:00:00 AM,9033,529,252,1602,118,309,74,190,149,303,123,126,115,5143
25-Apr-24 12:00:00 AM,6994,331,313,1143,94,309,76,159,147,235,91,102,96,3898
23-Apr-24 12:00:00 AM,7497,292,303,1172,116,334,71,158,145,267,98,88,94,4359
04-Apr-24 12:00:00 AM,5806,251,153,861,92,265,61,118,115,211,82,76,94,3427
03-Apr-24 12:00:00 AM,6346,269,218,1028,104,289,72,130,148,228,85,76,88,3611
26-Mar-24 12:00:00 AM,7391,262,315,1135,118,344,86,171,147,256,114,106,123,4214
25-Mar-24 12:00:00 AM,8339,324,297,1339,139,345,100,158,146,306,127,140,120,4798
24-Mar-24 12:00:00 AM,2620,44,319,410,5,39,25,11,99,26,14,57,64,1507
19-Mar-24 12:00:00 AM,7148,296,176,1054,100,350,101,164,145,285,102,110,105,4160
13-Mar-24 12:00:00 AM,6328,198,98,875,105,297,99,173,154,260,109,99,116,3745
04-Mar-24 12:00:00 AM,9565,469,325,1686,122,419,84,161,167,349,128,147,135,5373
27-Feb-24 12:00:00 AM,7609,331,311,1271,98,347,102,156,139,304,79,115,127,4229
25-Feb-24 12:00:00 AM,2464,35,320,414,2,15,28,12,100,18,3,46,37,1434
24-Feb-24 12:00:00 AM,2591,30,258,331,6,25,37,19,149,53,7,67,43,1566
16-Jan-24 12:00:00 AM,7819,269,178,1228,99,477,122,141,150,411,113,91,86,4454
25-Dec-23 12:00:00 AM,9068,313,217,1402,143,644,96,149,161,478,131,120,86,5128
23-Dec-23 12:00:00 AM,2729,37,205,344,5,46,51,26,162,50,9,76,64,1654
10-Dec-23 12:00:00 AM,2636,23,287,366,10,24,59,27,140,27,15,72,38,1548
07-Dec-23 12:00:00 AM,7243,274,212,1171,93,453,121,151,164,371,110,83,92,3948
05-Dec-23 12:00:00 AM,7525,288,209,1146,117,575,127,156,138,343,71,94,90,4171
26-Nov-23 12:00:00 AM,2525,31,262,332,11,40,58,27,162,37,18,43,46,1458
22-Nov-23 12:00:00 AM,6886,261,195,1079,104,498,79,114,144,371,86,85,84,3786
13-Nov-23 12:00:00 AM,9316,347,244,1523,154,551,116,163,161,369,113,119,144,5312
29-Oct-23 12:00:00 AM,2362,19,250,311,7,19,54,19,136,27,3,62,47,1408
23-Oct-23 12:00:00 AM,8720,326,208,1368,130,515,112,189,154,343,110,78,101,5086
04-Oct-23 12:00:00 AM,6938,242,201,1082,109,414,89,170,147,233,83,93,68,4007
02-Oct-23 12:00:00 AM,8120,309,205,1249,115,406,99,166,178,281,96,83,63,4870
30-Sep-23 12:00:00 AM,2730,28,186,298,12,41,48,30,175,44,8,64,42,1754
23-Sep-23 12:00:00 AM,3245,25,244,360,10,53,77,18,164,46,16,52,44,2136
12-Sep-23 12:00:00 AM,7516,284,236,1211,138,427,107,168,190,230,86,97,70,4272
10-Sep-23 12:00:00 AM,2734,33,321,436,8,20,62,17,189,25,8,45,31,1539
09-Sep-23 12:00:00 AM,3028,23,225,366,15,41,65,24,201,26,15,86,48,1893
06-Sep-23 12:00:00 AM,7966,394,221,1542,98,404,76,187,140,254,118,108,85,4339
11-Aug-23 12:00:00 AM,7487,246,224,1270,126,328,73,169,182,232,146,93,71,4327
09-Aug-23 12:00:00 AM,6345,220,159,995,86,251,68,146,143,224,99,101,70,3783
04-Aug-23 12:00:00 AM,7310,260,236,1298,112,313,53,147,144,220,122,108,73,4224
23-Jul-23 12:00:00 AM,2219,15,251,352,5,20,28,16,135,13,5,47,36,1296
13-Jul-23 12:00:00 AM,6528,242,182,1076,99,293,57,138,159,216,89,86,90,3801
30-Jun-23 12:00:00 AM,6979,281,256,1223,82,288,61,141,184,220,101,82,89,3971
13-Jun-23 12:00:00 AM,6231,199,203,1036,81,319,51,155,141,165,113,95,76,3597
27-May-23 12:00:00 AM,2048,28,199,257,5,36,53,19,122,31,9,42,30,1217
11-May-23 12:00:00 AM,6781,277,175,1154,98,387,76,142,122,247,97,73,67,3866
30-Apr-23 12:00:00 AM,1630,12,174,228,1,28,41,17,92,22,1,24,17,973
27-Apr-23 12:00:00 AM,6942,261,214,1112,85,433,100,150,127,291,93,75,73,3928
28-Apr-23 12:00:00 AM,7868,326,250,1305,99,541,65,173,164,331,111,99,90,4314
21-Apr-23 12:00:00 AM,7279,292,193,1172,92,473,103,147,149,274,103,105,85,4091
04-Apr-23 12:00:00 AM,6287,247,187,961,103,440,67,127,124,229,78,62,97,3565
13-Mar-23 12:00:00 AM,9040,322,262,1476,149,573,111,179,142,356,98,97,117,5158
06-Mar-23 12:00:00 AM,9035,327,239,1523,98,664,122,164,151,373,103,87,119,5065
01-Mar-23 12:00:00 AM,6788,218,228,938,107,477,102,125,127,337,70,99,89,3871
28-Feb-23 12:00:00 AM,7177,204,215,1053,101,553,96,131,148,297,80,73,111,4115
21-Feb-23 12:00:00 AM,6904,231,114,1000,90,462,93,139,130,313,89,60,122,4061
19-Feb-23 12:00:00 AM,2103,16,144,218,6,26,67,11,107,25,2,66,36,1379
17-Feb-23 12:00:00 AM,7433,277,162,1078,110,573,113,124,158,330,81,86,110,4231
15-Feb-23 12:00:00 AM,6855,263,207,1038,85,453,89,109,99,281,95,97,96,3943
08-Feb-23 12:00:00 AM,6840,283,181,1042,72,492,89,104,84,353,82,65,80,3913
03-Feb-23 12:00:00 AM,7748,334,219,1390,106,571,103,123,148,296,88,112,91,4167
10-Jan-23 12:00:00 AM,6934,249,210,1067,118,570,100,114,120,306,73,60,62,3885
08-Jan-23 12:00:00 AM,2301,21,245,308,5,55,79,9,74,33,5,46,36,1385
04-Jan-23 12:00:00 AM,9059,476,307,1660,120,658,144,112,110,390,101,76,87,4818
04-Jun-25 12:00:00 AM,6788,259,277,1066,85,266,55,123,160,256,108,100,86,3947
01-Jun-25 12:00:00 AM,2893,21,438,530,12,21,29,12,132,23,18,62,39,1556
12-May-25 12:00:00 AM,8766,410,346,1482,94,363,73,176,133,299,114,116,111,5049
06-May-25 12:00:00 AM,7733,335,335,1257,87,279,62,129,119,295,104,127,94,4510
05-May-25 12:00:00 AM,10206,448,339,1794,143,405,80,247,176,360,132,129,110,5843
22-Apr-25 12:00:00 AM,6896,330,245,1018,91,221,64,107,161,225,99,70,106,4159
21-Apr-25 12:00:00 AM,8437,394,303,1333,103,303,84,192,159,305,146,138,99,4878
17-Apr-25 12:00:00 AM,7310,320,336,1255,73,283,57,148,162,213,92,84,87,4200
03-Apr-25 12:00:00 AM,6207,210,209,966,76,292,85,132,117,220,79,68,94,3659
01-Dec-22 12:00:00 AM,7223,295,154,1059,111,556,125,120,90,324,84,60,97,4148
26-Nov-22 12:00:00 AM,2798,28,208,326,21,79,72,14,140,53,8,53,28,1768
16-Nov-22 12:00:00 AM,6557,211,165,912,65,573,113,119,102,340,89,68,69,3731
13-Nov-22 12:00:00 AM,2384,16,203,302,9,54,47,15,120,26,7,48,46,1491
03-Nov-22 12:00:00 AM,6490,238,148,883,88,555,117,98,110,311,75,68,76,3723
01-Nov-22 12:00:00 AM,7398,219,175,1105,108,588,142,117,114,308,68,67,100,4287
28-Oct-22 12:00:00 AM,7828,237,195,1177,137,678,175,137,110,354,97,72,106,4353
29-Oct-22 12:00:00 AM,2857,33,168,285,13,82,86,16,146,60,13,47,45,1863
24-Oct-22 12:00:00 AM,9082,301,195,1268,118,751,149,152,103,359,125,100,113,5348
23-Oct-22 12:00:00 AM,2493,18,224,302,11,52,76,19,111,67,2,46,40,1525
10-Oct-22 12:00:00 AM,9446,307,226,1411,161,882,171,158,97,421,80,100,111,5321
07-Oct-22 12:00:00 AM,8364,321,198,1257,132,780,140,142,94,355,86,71,95,4693
02-Oct-22 12:00:00 AM,2696,14,215,297,13,87,103,14,93,39,0,70,44,1707
28-Sep-22 12:00:00 AM,6777,250,161,974,100,693,157,131,95,315,74,71,99,3657
23-Sep-22 12:00:00 AM,7400,260,162,1083,93,727,147,142,93,308,70,83,90,4142
16-Sep-22 12:00:00 AM,7760,229,156,1139,119,712,124,144,82,332,105,88,84,4446
04-Sep-22 12:00:00 AM,1835,13,155,261,7,40,27,14,65,18,5,36,25,1169
31-Aug-22 12:00:00 AM,6296,223,144,1072,107,416,68,126,89,212,80,49,99,3611
17-Aug-22 12:00:00 AM,6268,215,155,988,110,343,60,97,10,201,94,80,97,3818
03-Aug-22 12:00:00 AM,6194,234,160,1017,103,314,42,116,11,209,79,79,132,3698
02-Aug-22 12:00:00 AM,6389,280,165,917,117,353,48,114,9,216,57,67,109,3937
01-Aug-22 12:00:00 AM,8308,259,194,1343,137,394,66,146,9,273,118,120,137,5112
14-Jul-22 12:00:00 AM,6729,265,200,1186,129,363,60,123,9,217,78,87,60,3952
11-Jul-22 12:00:00 AM,7289,292,171,1179,121,387,81,120,10,274,88,89,148,4329
05-Jul-22 12:00:00 AM,6796,231,162,1119,135,400,66,122,8,241,91,72,97,4052
04-Jul-22 12:00:00 AM,7809,320,206,1290,121,443,81,135,13,282,83,88,133,4614
30-Jun-22 12:00:00 AM,5484,196,168,895,68,343,55,89,11,185,67,45,101,3261
26-Jun-22 12:00:00 AM,2001,20,148,210,3,19,37,12,0,23,5,49,16,1459
17-Jun-22 12:00:00 AM,6559,246,196,1064,107,414,81,130,14,198,52,80,112,3865
16-Jun-22 12:00:00 AM,6140,236,160,948,93,320,70,123,3,178,90,68,114,3737
03-Jun-22 12:00:00 AM,4822,161,134,786,90,264,46,79,6,132,64,65,91,2904
29-Apr-22 12:00:00 AM,4799,186,135,933,70,231,29,78,3,168,86,72,72,2736
28-Apr-22 12:00:00 AM,5102,213,141,876,89,257,21,93,7,161,78,80,89,2997
20-Apr-22 12:00:00 AM,5222,245,147,870,75,242,25,98,6,153,72,64,86,3139
19-Apr-22 12:00:00 AM,5419,218,157,970,84,227,22,78,6,171,81,67,91,3247
01-Apr-22 12:00:00 AM,4910,211,125,834,83,452,41,90,2,224,73,63,71,2641
22-Mar-22 12:00:00 AM,5774,199,174,900,104,722,60,79,4,334,89,59,63,2987
07-Mar-22 12:00:00 AM,6578,221,181,1078,125,499,43,120,5,242,112,85,80,3787
03-Mar-22 12:00:00 AM,4742,160,95,735,113,301,33,100,9,165,82,66,65,2818
26-Feb-22 12:00:00 AM,1910,46,185,248,18,16,11,19,1,22,12,65,37,1230
22-Feb-22 12:00:00 AM,5058,240,199,909,86,262,20,96,5,102,77,70,55,2937
16-Feb-22 12:00:00 AM,4292,155,143,725,84,211,14,79,5,126,58,63,64,2565
11-Feb-22 12:00:00 AM,4682,185,153,876,75,206,21,104,10,133,54,73,52,2740
04-Feb-22 12:00:00 AM,863,13,57,83,2,5,5,14,0,11,2,20,17,634
29-Jan-22 12:00:00 AM,1483,25,202,239,12,18,1,13,0,18,18,34,20,883
13-Jan-22 12:00:00 AM,3041,113,98,542,63,197,19,56,2,90,54,28,35,1744
12-Jan-22 12:00:00 AM,3086,124,86,657,69,212,5,47,0,97,49,35,26,1679
05-Jan-22 12:00:00 AM,4407,212,134,1081,67,257,5,65,1,123,57,27,18,2360
01-Dec-24 12:00:00 AM,3076,21,409,492,9,35,54,20,153,26,13,60,37,1747
02-Dec-24 12:00:00 AM,9414,364,309,1496,130,485,108,162,183,355,119,142,118,5443
03-Dec-24 12:00:00 AM,6271,212,259,891,108,324,81,132,111,317,78,73,78,3607
09-Dec-24 12:00:00 AM,8947,337,320,1442,135,426,110,183,163,402,118,133,116,5062
19-Dec-24 12:00:00 AM,6880,258,224,1027,112,372,93,133,147,261,73,79,94,4007
26-Dec-24 12:00:00 AM,6458,208,254,1041,93,382,130,115,117,343,71,72,96,3536
13-Jan-25 12:00:00 AM,8754,379,229,1371,104,564,132,159,138,456,109,111,97,4905
14-Jan-25 12:00:00 AM,7293,303,237,1118,103,435,105,147,121,338,82,96,87,4121
16-Jan-25 12:00:00 AM,7017,310,244,1156,100,407,83,135,109,342,95,73,95,3868
17-Jan-25 12:00:00 AM,8242,378,261,1383,114,467,121,165,122,427,115,100,70,4519
20-Jan-25 12:00:00 AM,9550,401,288,1559,140,578,114,181,165,452,139,107,84,5342
21-Jan-25 12:00:00 AM,8074,352,322,1390,109,453,136,156,143,441,113,95,92,4272
06-Feb-25 12:00:00 AM,7781,304,292,1207,85,413,85,128,160,406,71,103,106,4421
19-Feb-25 12:00:00 AM,7409,315,376,1192,86,410,77,146,150,332,76,103,106,4040
22-Nov-24 12:00:00 AM,7931,297,287,1203,111,488,96,169,153,370,97,84,108,4468
24-Nov-24 12:00:00 AM,2967,34,342,449,5,34,65,12,156,56,11,51,56,1696
13-Nov-24 12:00:00 AM,6828,253,249,1057,112,387,125,183,130,298,57,108,100,3769
12-Nov-24 12:00:00 AM,7500,267,270,1156,114,377,112,146,158,342,92,80,116,4270
31-Oct-24 12:00:00 AM,7036,243,201,1052,96,410,103,155,178,320,83,91,96,4008
26-Oct-24 12:00:00 AM,3194,35,271,364,12,52,67,21,175,64,31,99,47,1956
19-Oct-24 12:00:00 AM,3169,38,256,363,13,65,61,38,155,62,32,74,42,1970
15-Oct-24 12:00:00 AM,7341,281,258,1066,115,378,80,153,139,319,110,106,82,4254
11-Oct-24 12:00:00 AM,8405,347,270,1498,140,478,136,189,141,350,77,82,76,4621
29-Sep-24 12:00:00 AM,2721,29,312,376,4,30,57,13,116,26,13,62,40,1643
22-Sep-24 12:00:00 AM,2725,19,310,404,8,34,62,14,122,29,15,57,52,1599
02-Sep-24 12:00:00 AM,2333,53,139,265,9,31,36,28,94,33,25,37,38,1545
29-Aug-24 12:00:00 AM,6960,280,231,1144,100,282,61,191,138,239,93,86,84,4031
25-Aug-24 12:00:00 AM,2494,14,286,350,4,19,24,11,116,19,17,53,49,1532
14-Aug-24 12:00:00 AM,7418,299,308,1199,128,299,37,155,164,250,110,94,90,4285
10-Aug-24 12:00:00 AM,2901,64,232,367,8,24,21,28,151,42,41,75,48,1800
26-Jul-24 12:00:00 AM,6702,277,195,1066,120,282,49,163,138,217,101,82,92,3920
22-Jul-24 12:00:00 AM,8425,396,337,1303,118,312,58,169,173,231,125,104,107,4992
07-Jul-24 12:00:00 AM,2410,14,302,393,6,3,20,15,107,22,19,56,60,1393
03-Jul-24 12:00:00 AM,6943,273,199,1139,110,274,50,137,158,206,87,97,112,4101
26-Jun-24 12:00:00 AM,6623,267,232,1031,120,305,50,154,163,244,91,91,71,3804
24-Jun-24 12:00:00 AM,8389,359,313,1384,100,347,64,187,152,297,113,115,128,4830
17-Jun-24 12:00:00 AM,9087,404,302,1433,117,340,68,181,130,260,112,160,136,5444
13-Jun-24 12:00:00 AM,7233,288,214,1173,105,322,68,163,126,233,86,73,105,4277
11-Jun-24 12:00:00 AM,8048,336,237,1289,118,391,63,176,147,257,107,96,91,4740
08-Jun-24 12:00:00 AM,2670,64,227,350,16,25,23,16,141,36,6,79,57,1630
27-May-24 12:00:00 AM,9307,397,335,1361,125,377,77,171,166,328,139,120,118,5593
23-May-24 12:00:00 AM,7090,352,297,1123,111,310,73,141,135,231,78,87,92,4060
21-May-24 12:00:00 AM,6782,310,290,1031,79,298,66,123,123,238,98,102,101,3923
17-May-24 12:00:00 AM,7177,300,212,1163,117,361,69,161,124,255,103,76,88,4148
16-May-24 12:00:00 AM,6308,241,194,1004,82,292,38,149,117,187,72,81,84,3767
19-Apr-24 12:00:00 AM,8731,431,198,1531,119,411,93,183,153,265,122,103,119,5003
16-Apr-24 12:00:00 AM,6557,199,158,941,76,299,95,147,113,206,80,115,117,4011
12-Apr-24 12:00:00 AM,7299,265,188,1190,79,358,83,162,138,231,107,101,100,4297
13-Apr-24 12:00:00 AM,2745,41,207,291,13,53,56,21,153,31,34,76,52,1717
31-Mar-24 12:00:00 AM,2517,19,392,389,2,12,37,19,118,24,7,47,45,1406
30-Mar-24 12:00:00 AM,2838,36,354,387,8,39,44,19,115,33,26,74,62,1641
23-Mar-24 12:00:00 AM,2830,36,220,349,6,58,48,20,158,39,7,74,54,1761
11-Mar-24 12:00:00 AM,8265,280,138,1258,141,393,105,173,158,351,140,125,135,4868
26-Feb-24 12:00:00 AM,9045,403,355,1538,136,385,107,211,145,314,121,133,135,5062
23-Feb-24 12:00:00 AM,7242,331,178,1100,100,365,103,139,123,340,79,77,111,4196
21-Feb-24 12:00:00 AM,7278,313,192,1112,98,348,70,131,183,316,87,96,95,4237
17-Feb-24 12:00:00 AM,2848,24,211,322,9,31,53,18,189,63,17,96,52,1763
27-Jan-24 12:00:00 AM,2806,35,252,341,10,44,45,15,114,47,12,79,36,1776
25-Jan-24 12:00:00 AM,6924,255,152,939,107,494,96,134,113,369,93,91,89,3992
06-Jan-24 12:00:00 AM,2923,30,361,452,7,57,50,20,155,28,14,78,43,1628
01-Jan-24 12:00:00 AM,3376,120,457,666,6,63,37,39,136,33,14,78,42,1685
22-Dec-23 12:00:00 AM,7834,283,162,1255,136,565,150,145,165,381,121,88,83,4300
17-Dec-23 12:00:00 AM,2708,37,326,421,13,21,54,17,174,42,9,53,40,1501
09-Dec-23 12:00:00 AM,3043,23,303,362,9,53,41,36,177,45,2,70,53,1869
08-Dec-23 12:00:00 AM,7998,340,215,1314,125,597,130,172,137,418,88,108,107,4247
03-Dec-23 12:00:00 AM,2757,35,336,416,6,21,64,13,133,63,3,62,40,1565
25-Nov-23 12:00:00 AM,2827,41,210,354,4,33,64,20,161,53,23,78,44,1742
10-Nov-23 12:00:00 AM,7724,320,201,1269,143,495,157,167,135,402,78,86,92,4179
06-Nov-23 12:00:00 AM,9319,342,255,1466,138,608,140,192,168,402,107,115,110,5276
04-Nov-23 12:00:00 AM,3100,41,236,381,19,74,74,27,187,59,9,86,35,1872
21-Oct-23 12:00:00 AM,3146,45,280,361,16,67,89,34,172,32,11,92,51,1896
15-Oct-23 12:00:00 AM,2724,28,303,384,12,36,56,27,158,22,6,63,31,1598
14-Oct-23 12:00:00 AM,2885,44,246,325,13,50,54,14,192,43,16,70,52,1766
09-Oct-23 12:00:00 AM,9134,365,242,1438,158,528,97,219,189,338,109,110,106,5235
28-Sep-23 12:00:00 AM,7382,238,195,1181,106,385,69,145,162,265,76,79,66,4415
26-Sep-23 12:00:00 AM,7368,248,207,1189,121,448,91,144,147,283,83,96,77,4234
17-Sep-23 12:00:00 AM,2749,22,281,345,11,20,64,25,152,27,8,53,41,1700
14-Sep-23 12:00:00 AM,7057,256,214,1075,116,445,95,160,161,224,69,81,68,4093
07-Sep-23 12:00:00 AM,7105,315,187,1231,118,376,60,187,146,262,105,78,87,3953
29-Aug-23 12:00:00 AM,6592,258,207,1162,86,309,60,132,141,214,100,63,61,3799
28-Aug-23 12:00:00 AM,7810,313,230,1372,121,298,47,186,169,227,116,90,72,4569
27-Aug-23 12:00:00 AM,2396,21,256,410,9,22,25,15,142,20,4,48,27,1397
20-Aug-23 12:00:00 AM,2275,29,228,384,10,9,34,20,169,18,6,46,31,1291
06-Aug-23 12:00:00 AM,2433,30,232,339,6,10,37,16,157,19,9,52,35,1491
05-Aug-23 12:00:00 AM,2472,41,193,363,7,19,35,8,177,41,8,64,47,1469
03-Aug-23 12:00:00 AM,6907,256,201,1201,101,293,56,137,165,214,84,91,75,4033
27-Jun-23 12:00:00 AM,6865,236,212,1045,92,308,66,148,156,233,102,98,94,4075
25-Jun-23 12:00:00 AM,2067,17,237,291,5,14,17,11,129,24,7,44,28,1243
23-Jun-23 12:00:00 AM,7823,348,278,1364,103,301,74,174,162,226,143,73,94,4483
15-Jun-23 12:00:00 AM,6575,233,158,1084,82,252,49,127,141,195,115,78,97,3964
11-Jun-23 12:00:00 AM,2126,17,207,274,5,15,36,10,127,14,15,48,37,1321
01-Jun-23 12:00:00 AM,6299,234,182,989,88,284,47,175,112,224,78,70,73,3743
20-May-23 12:00:00 AM,2509,40,191,296,13,51,30,23,152,31,12,62,53,1555
19-May-23 12:00:00 AM,7054,292,201,1227,92,466,65,151,182,239,110,102,80,3847
14-May-23 12:00:00 AM,2171,11,205,253,5,20,58,13,173,38,2,48,32,1313
07-May-23 12:00:00 AM,2559,13,314,387,4,40,61,25,133,25,5,57,36,1459
23-Apr-23 12:00:00 AM,2655,18,294,387,7,40,67,13,169,42,4,50,34,1530
15-Apr-23 12:00:00 AM,2560,28,192,259,6,37,70,18,131,29,13,66,40,1671
14-Apr-23 12:00:00 AM,6770,263,192,1103,92,374,89,142,130,243,72,87,92,3891
13-Apr-23 12:00:00 AM,6099,230,199,977,90,328,72,137,104,233,87,80,87,3475
25-Mar-23 12:00:00 AM,2561,31,171,308,12,44,88,24,118,39,12,64,56,1594
20-Mar-23 12:00:00 AM,8299,280,170,1227,109,507,103,172,108,331,125,97,107,4963
16-Mar-23 12:00:00 AM,6684,210,194,1072,90,426,84,137,110,295,92,72,87,3815
04-Mar-23 12:00:00 AM,2856,26,217,333,10,59,63,24,142,60,10,68,62,1782
02-Feb-23 12:00:00 AM,6956,275,236,1136,82,477,93,110,127,257,59,72,93,3939
29-Jan-23 12:00:00 AM,2381,19,298,405,7,46,43,16,106,35,4,51,22,1329
06-Jan-23 12:00:00 AM,8118,333,234,1380,116,657,101,142,132,368,95,76,58,4426
25-May-25 12:00:00 AM,2370,17,243,365,6,22,39,16,104,26,14,47,37,1434
17-May-25 12:00:00 AM,3143,50,378,445,6,47,49,25,142,53,21,77,45,1805
09-May-25 12:00:00 AM,7041,370,336,1233,89,286,70,140,133,265,98,91,105,3825
03-May-25 12:00:00 AM,2876,38,334,354,7,36,41,11,130,60,28,88,50,1699
30-Apr-25 12:00:00 AM,1897,20,129,209,6,30,38,28,66,31,22,46,45,1227
19-Apr-25 12:00:00 AM,3218,48,384,458,11,29,56,15,81,50,27,91,55,1913
13-Apr-25 12:00:00 AM,2976,17,523,521,6,13,47,14,107,19,11,53,38,1607
08-Apr-25 12:00:00 AM,9243,463,345,1492,113,338,94,175,166,331,145,114,133,5334
06-Apr-25 12:00:00 AM,2659,27,417,437,3,16,35,19,103,33,16,71,31,1451
31-Mar-25 12:00:00 AM,7894,291,194,1094,107,351,87,164,149,306,96,126,121,4808
23-Mar-25 12:00:00 AM,3135,24,478,512,13,23,65,18,138,33,5,70,42,1714
22-Mar-25 12:00:00 AM,3299,44,346,446,11,27,63,14,136,61,23,88,65,1975
06-Mar-25 12:00:00 AM,6758,280,249,1105,78,333,89,120,138,244,104,75,103,3840
05-Mar-25 12:00:00 AM,6763,233,222,1030,83,296,79,117,111,269,120,103,118,3982
31-Dec-22 12:00:00 AM,2168,30,130,231,14,45,61,20,77,46,8,45,40,1421
29-Dec-22 12:00:00 AM,6378,215,156,922,86,489,121,124,113,300,66,69,76,3641
28-Dec-22 12:00:00 AM,6125,207,163,918,102,568,100,110,100,279,85,52,69,3372
26-Dec-22 12:00:00 AM,8273,260,215,1272,129,615,118,164,127,404,110,95,82,4682
21-Dec-22 12:00:00 AM,6455,210,163,970,84,464,118,115,108,315,90,72,71,3675
16-Dec-22 12:00:00 AM,7588,309,199,1154,100,598,109,137,116,360,107,65,75,4259
07-Dec-22 12:00:00 AM,6623,221,162,963,89,532,108,100,109,358,89,69,62,3761
19-Nov-22 12:00:00 AM,2571,33,156,275,16,68,66,25,90,33,17,64,35,1693
20-Nov-22 12:00:00 AM,2301,25,227,324,8,73,50,10,124,27,0,53,36,1344
15-Nov-22 12:00:00 AM,7327,216,185,1066,94,572,120,112,120,359,87,100,86,4210
14-Nov-22 12:00:00 AM,9081,296,194,1354,122,641,130,154,145,422,136,99,108,5280
10-Nov-22 12:00:00 AM,7127,212,149,1092,107,547,127,109,118,339,89,68,83,4087
06-Nov-22 12:00:00 AM,2567,26,220,327,12,86,67,15,113,53,3,39,34,1572
04-Nov-22 12:00:00 AM,5348,191,118,837,87,452,119,115,66,257,67,36,59,2944
19-Oct-22 12:00:00 AM,6871,205,184,996,115,671,142,94,104,362,78,84,82,3754
17-Oct-22 12:00:00 AM,9775,313,211,1416,139,857,168,173,113,464,122,94,123,5582
14-Oct-22 12:00:00 AM,8030,259,154,1131,125,739,141,139,106,412,90,70,122,4542
01-Oct-22 12:00:00 AM,3013,37,191,253,15,161,80,21,65,41,13,47,62,2027
29-Sep-22 12:00:00 AM,6332,171,159,952,110,619,122,114,69,304,65,44,73,3530
27-Sep-22 12:00:00 AM,7895,231,174,1113,118,793,155,142,77,356,60,82,104,4490
24-Sep-22 12:00:00 AM,2736,22,151,238,14,90,85,24,40,61,14,72,58,1867
14-Sep-22 12:00:00 AM,6386,212,137,937,109,493,98,111,85,266,65,67,102,3704
23-Aug-22 12:00:00 AM,6652,216,165,1039,131,400,48,137,15,224,103,102,96,3976
15-Aug-22 12:00:00 AM,9079,348,241,1527,152,409,71,160,10,296,137,104,106,5518
14-Aug-22 12:00:00 AM,2017,20,187,266,11,27,16,12,6,24,1,37,32,1378
12-Jul-22 12:00:00 AM,3800,168,107,628,79,224,43,58,3,140,25,39,52,2234
25-Jun-22 12:00:00 AM,2469,26,158,231,15,51,20,22,3,32,17,53,90,1751
24-Jun-22 12:00:00 AM,6407,271,148,1077,123,403,77,96,9,231,65,76,119,3712
06-Jun-22 12:00:00 AM,8140,330,197,1442,133,408,65,143,13,221,111,125,139,4813
01-Jun-22 12:00:00 AM,5815,188,171,949,97,250,53,115,3,158,74,63,114,3580
23-May-22 12:00:00 AM,5297,208,144,902,70,278,30,86,5,156,64,78,82,3194
09-May-22 12:00:00 AM,6736,273,174,1154,113,288,32,119,6,175,127,120,121,4034
04-May-22 12:00:00 AM,7027,302,176,1330,125,323,31,117,4,220,93,122,102,4082
02-Apr-22 12:00:00 AM,1815,34,106,147,11,34,21,18,1,34,8,63,45,1293
31-Mar-22 12:00:00 AM,3973,150,73,574,62,429,49,53,1,179,47,46,50,2260
23-Mar-22 12:00:00 AM,5242,170,131,799,77,679,99,69,6,271,68,68,70,2735
02-Mar-22 12:00:00 AM,4843,192,119,807,99,304,17,115,5,118,71,76,64,2856
28-Feb-22 12:00:00 AM,6541,286,188,1197,117,328,27,149,10,200,86,78,74,3801
24-Feb-22 12:00:00 AM,4940,219,174,915,68,203,19,84,8,121,48,80,66,2935
20-Jan-22 12:00:00 AM,3536,132,147,694,86,191,16,75,8,114,61,39,34,1939
14-Jan-22 12:00:00 AM,3240,142,87,692,78,214,10,60,2,110,56,33,25,1731
17-Dec-24 12:00:00 AM,7413,258,263,1136,112,431,108,142,131,323,87,105,129,4188
18-Dec-24 12:00:00 AM,6623,290,222,989,108,365,105,109,137,303,95,86,90,3724
21-Dec-24 12:00:00 AM,3055,36,263,345,13,59,76,30,191,58,38,67,46,1833
25-Dec-24 12:00:00 AM,6767,263,221,933,109,449,141,128,130,379,79,84,93,3758
06-Jan-25 12:00:00 AM,10827,498,395,1957,122,564,104,175,144,432,129,113,124,6070
08-Jan-25 12:00:00 AM,7345,287,294,1118,120,440,114,120,126,341,83,111,91,4100
31-Jan-25 12:00:00 AM,956,11,20,81,1,29,20,22,32,26,1,5,35,673
14-Feb-25 12:00:00 AM,8042,382,352,1297,99,472,77,129,145,407,105,93,98,4386
24-Feb-25 12:00:00 AM,8842,374,336,1357,112,386,95,162,151,374,100,154,142,5099
06-Nov-24 12:00:00 AM,7142,261,298,1103,117,365,101,153,139,318,83,110,76,4018
04-Nov-24 12:00:00 AM,9161,352,338,1367,140,439,126,204,194,372,119,107,120,5283
29-Oct-24 12:00:00 AM,7074,249,196,1070,117,399,130,135,132,326,106,103,102,4009
27-Oct-24 12:00:00 AM,2882,18,317,408,12,27,76,6,117,38,12,57,44,1750
22-Oct-24 12:00:00 AM,6583,243,206,910,103,352,95,133,160,272,61,96,94,3858
18-Oct-24 12:00:00 AM,7928,340,233,1247,116,416,140,201,163,364,98,110,102,4398
16-Oct-24 12:00:00 AM,6728,266,237,1058,109,358,87,122,133,316,79,93,76,3794
07-Oct-24 12:00:00 AM,9574,413,288,1565,174,493,112,189,167,409,132,125,104,5403
05-Oct-24 12:00:00 AM,3414,53,294,388,12,51,58,33,167,56,10,104,48,2140
04-Oct-24 12:00:00 AM,8428,389,292,1391,130,461,99,189,190,376,100,81,85,4645
27-Sep-24 12:00:00 AM,7872,294,263,1280,103,458,135,200,155,336,99,87,87,4375
28-Sep-24 12:00:00 AM,3112,49,276,372,12,54,50,20,152,53,33,79,44,1918
20-Sep-24 12:00:00 AM,8162,384,233,1371,133,449,98,225,172,335,113,104,83,4462
16-Sep-24 12:00:00 AM,8742,332,329,1390,167,449,81,202,143,378,112,128,100,4931
12-Sep-24 12:00:00 AM,6890,320,257,1234,94,341,70,187,133,264,104,92,70,3724
04-Sep-24 12:00:00 AM,8296,410,265,1452,125,333,78,195,121,318,101,103,80,4715
03-Sep-24 12:00:00 AM,3128,65,199,386,12,49,54,25,151,52,30,65,48,1992
27-Aug-24 12:00:00 AM,7206,288,214,1153,108,301,61,169,166,265,104,100,68,4209
23-Aug-24 12:00:00 AM,7355,355,208,1138,122,319,60,173,157,232,104,97,95,4295
19-Aug-24 12:00:00 AM,8864,302,272,1403,104,372,64,225,186,308,134,146,109,5239
18-Aug-24 12:00:00 AM,2695,18,359,439,11,17,21,28,101,25,16,59,38,1563
31-Jul-24 12:00:00 AM,6550,247,172,1044,117,264,31,142,161,226,102,84,69,3891
28-Jul-24 12:00:00 AM,2270,22,252,327,11,11,25,12,113,24,13,37,37,1386
18-Jul-24 12:00:00 AM,7245,325,284,1140,123,275,59,161,140,195,95,121,106,4221
15-Jul-24 12:00:00 AM,8640,314,315,1413,120,317,45,184,170,270,114,129,142,5107
13-Jul-24 12:00:00 AM,2623,44,266,361,13,25,27,26,127,37,30,58,56,1553
12-Jul-24 12:00:00 AM,7500,345,207,1333,105,311,52,178,142,229,117,97,96,4288
01-Jul-24 12:00:00 AM,9163,315,250,1437,113,338,59,210,187,244,109,177,146,5578
18-Jun-24 12:00:00 AM,7429,258,294,1187,124,303,48,145,117,233,112,95,99,4414
15-Jun-24 12:00:00 AM,2524,48,229,320,15,31,19,20,135,20,36,54,59,1538
02-Jun-24 12:00:00 AM,2269,23,232,324,7,15,29,22,128,19,14,52,51,1353
26-May-24 12:00:00 AM,2533,15,396,401,9,23,37,29,123,25,0,71,57,1347
11-May-24 12:00:00 AM,2667,56,230,317,15,22,43,19,160,50,29,83,60,1583
10-May-24 12:00:00 AM,7144,309,203,1215,108,345,77,128,140,254,104,118,82,4061
08-May-24 12:00:00 AM,6199,278,176,971,89,283,70,138,136,229,89,82,89,3569
28-Apr-24 12:00:00 AM,2474,18,382,420,4,16,18,15,81,19,8,55,42,1396
02-Apr-24 12:00:00 AM,6933,300,264,1101,82,322,73,153,144,249,95,85,106,3959
21-Mar-24 12:00:00 AM,6726,252,194,1071,104,332,93,178,160,223,85,105,99,3830
18-Mar-24 12:00:00 AM,8490,301,185,1349,118,403,103,189,159,263,126,108,147,5039
28-Feb-24 12:00:00 AM,6899,303,312,1125,80,302,86,133,129,298,91,102,112,3826
20-Feb-24 12:00:00 AM,8088,381,192,1301,118,410,76,154,168,314,119,139,116,4600
13-Feb-24 12:00:00 AM,1320,22,39,112,8,46,20,12,39,25,4,20,30,943
11-Feb-24 12:00:00 AM,610,3,14,49,1,5,7,9,20,7,0,8,10,477
01-Feb-24 12:00:00 AM,8695,471,373,1565,118,453,103,180,172,410,110,100,72,4568
29-Jan-24 12:00:00 AM,9080,352,358,1556,124,551,131,186,127,429,111,112,93,4950
28-Jan-24 12:00:00 AM,2459,29,321,423,3,23,37,12,116,60,5,45,21,1364
11-Jan-24 12:00:00 AM,6910,240,183,996,92,478,104,133,130,285,70,69,74,4056
09-Jan-24 12:00:00 AM,7753,276,203,1252,105,503,117,128,145,375,96,77,88,4388
07-Jan-24 12:00:00 AM,2552,30,340,391,5,35,44,16,138,47,15,43,41,1407
02-Jan-24 12:00:00 AM,11748,588,562,2362,73,477,121,157,186,347,123,125,80,6547
28-Dec-23 12:00:00 AM,6586,258,171,1025,92,467,90,144,107,316,84,84,85,3663
26-Dec-23 12:00:00 AM,7275,269,188,1097,100,465,99,148,149,346,92,116,89,4117
21-Dec-23 12:00:00 AM,7008,271,196,1170,123,410,95,152,150,313,81,65,99,3883
20-Dec-23 12:00:00 AM,6969,241,208,1066,95,447,87,140,144,315,74,110,104,3938
13-Dec-23 12:00:00 AM,6866,256,191,1103,128,491,85,128,112,331,84,86,88,3783
11-Dec-23 12:00:00 AM,9286,351,246,1451,134,604,129,172,181,428,110,138,105,5237
24-Nov-23 12:00:00 AM,8022,282,195,1302,161,626,133,171,149,414,91,99,90,4309
16-Nov-23 12:00:00 AM,6955,285,212,1142,98,411,109,139,141,373,81,69,94,3801
14-Nov-23 12:00:00 AM,7141,265,207,1061,104,395,118,137,127,322,91,89,109,4116
11-Nov-23 12:00:00 AM,3015,35,282,355,9,73,62,19,153,84,16,68,53,1806
12-Nov-23 12:00:00 AM,2702,34,285,364,10,25,63,29,120,47,4,56,50,1615
28-Oct-23 12:00:00 AM,2847,24,226,347,10,53,78,21,138,42,16,70,43,1779
29-Sep-23 12:00:00 AM,7624,269,230,1115,112,510,83,183,161,275,87,78,86,4435
21-Sep-23 12:00:00 AM,7810,287,184,1109,112,455,98,148,154,292,90,71,88,4722
16-Sep-23 12:00:00 AM,3207,27,251,370,16,55,89,26,150,33,13,86,55,2036
11-Sep-23 12:00:00 AM,9496,393,249,1552,143,488,109,213,199,305,145,144,89,5467
08-Sep-23 12:00:00 AM,7587,327,252,1368,112,441,66,174,168,278,96,108,75,4122
18-Aug-23 12:00:00 AM,7587,309,201,1359,117,321,51,164,160,239,126,119,67,4354
15-Aug-23 12:00:00 AM,7544,290,218,1267,114,301,57,158,180,227,109,108,82,4433
13-Aug-23 12:00:00 AM,2519,35,304,415,10,14,32,18,166,21,7,44,28,1425
28-Jul-23 12:00:00 AM,7015,267,264,1265,118,316,70,143,172,209,112,85,69,3925
25-Jul-23 12:00:00 AM,6624,239,185,1057,117,334,59,133,172,208,100,101,100,3819
22-Jul-23 12:00:00 AM,2641,36,212,343,10,33,36,19,162,35,8,87,42,1618
20-Jul-23 12:00:00 AM,7666,247,194,1319,122,420,58,156,164,261,99,120,101,4405
15-Jul-23 12:00:00 AM,2599,39,171,302,13,22,37,28,170,27,21,65,51,1653
12-Jul-23 12:00:00 AM,6626,217,211,1060,85,309,59,127,128,230,103,112,80,3905
03-Jul-23 12:00:00 AM,8130,362,261,1312,107,254,72,177,147,250,139,104,102,4843
29-Jun-23 12:00:00 AM,6384,254,189,1028,99,291,55,151,129,221,96,76,77,3718
22-Jun-23 12:00:00 AM,5076,165,148,748,75,210,47,111,114,146,76,61,83,3092
17-Jun-23 12:00:00 AM,2251,26,183,271,9,12,28,23,123,31,10,62,33,1440
12-Jun-23 12:00:00 AM,8396,295,200,1432,129,346,65,167,189,249,139,115,92,4978
10-Jun-23 12:00:00 AM,2194,33,195,263,7,14,19,21,134,24,11,60,39,1374
06-Jun-23 12:00:00 AM,6329,229,209,1051,75,260,59,131,166,203,110,86,88,3662
02-Jun-23 12:00:00 AM,7077,257,278,1160,112,312,57,146,151,255,140,84,81,4044
31-May-23 12:00:00 AM,5258,172,179,773,72,269,68,83,90,185,84,79,48,3156
28-May-23 12:00:00 AM,2047,19,211,318,3,17,32,20,121,31,7,42,15,1211
23-May-23 12:00:00 AM,6541,283,217,1072,91,355,70,126,136,241,88,68,84,3710
12-May-23 12:00:00 AM,7110,272,198,1257,101,457,68,159,153,305,102,80,96,3862
13-May-23 12:00:00 AM,2665,25,192,307,10,61,53,17,166,34,7,59,49,1685
29-Apr-23 12:00:00 AM,2335,31,183,274,7,49,51,19,88,46,13,52,33,1489
01-May-23 12:00:00 AM,2084,49,115,216,8,45,46,13,75,46,13,38,42,1378
17-Apr-23 12:00:00 AM,8650,367,221,1252,136,453,115,153,181,281,126,128,87,5150
16-Apr-23 12:00:00 AM,2218,17,200,266,7,29,67,11,149,24,8,44,40,1356
07-Apr-23 12:00:00 AM,7296,267,229,1295,96,436,94,155,126,274,76,93,74,4081
02-Apr-23 12:00:00 AM,2103,8,222,272,8,23,64,12,112,36,0,35,40,1271
08-Mar-23 12:00:00 AM,6703,208,192,1099,103,495,95,127,122,322,92,81,93,3674
02-Mar-23 12:00:00 AM,6813,244,254,1094,79,465,86,151,141,256,102,65,76,3800
26-Feb-23 12:00:00 AM,2794,24,309,397,8,40,68,14,144,37,8,51,45,1649
23-Feb-23 12:00:00 AM,6003,143,98,764,96,507,78,120,104,268,69,64,112,3580
16-Feb-23 12:00:00 AM,6600,242,196,1033,81,410,80,117,137,258,74,53,110,3809
13-Feb-23 12:00:00 AM,8866,344,246,1341,93,581,130,152,139,327,94,105,114,5200
14-Feb-23 12:00:00 AM,7223,296,188,1110,91,507,85,137,146,284,72,81,104,4122
05-Feb-23 12:00:00 AM,2266,16,247,336,8,34,59,10,85,24,5,42,32,1368
31-Jan-23 12:00:00 AM,7581,289,263,1166,103,557,86,135,122,331,80,77,93,4279
27-Jan-23 12:00:00 AM,7277,212,202,805,83,416,78,104,138,281,73,66,87,4732
25-Jan-23 12:00:00 AM,1300,17,49,90,5,54,19,13,22,29,4,12,31,955
13-Jun-25 12:00:00 AM,7763,351,390,1332,109,261,53,164,150,285,88,92,111,4377
07-Jun-25 12:00:00 AM,2839,40,334,397,8,24,23,19,133,49,27,65,44,1676
03-Jun-25 12:00:00 AM,5924,261,306,889,57,192,37,117,158,215,79,76,90,3447
30-May-25 12:00:00 AM,6215,199,271,974,84,321,65,132,128,255,82,72,79,3553
21-May-25 12:00:00 AM,6507,308,241,976,75,318,55,139,144,251,94,105,84,3717
18-May-25 12:00:00 AM,2959,21,491,528,4,18,39,18,97,27,17,70,37,1592
23-Apr-25 12:00:00 AM,6195,255,226,956,88,243,69,129,136,211,84,109,109,3580
16-Apr-25 12:00:00 AM,6367,226,357,999,93,256,84,110,129,242,87,109,96,3579
12-Apr-25 12:00:00 AM,3192,40,362,432,7,21,54,18,139,54,30,70,74,1891
10-Apr-25 12:00:00 AM,6922,328,315,1137,84,270,70,156,132,250,102,69,84,3925
29-Mar-25 12:00:00 AM,2884,38,198,290,18,48,58,22,160,43,23,67,77,1842
15-Mar-25 12:00:00 AM,3159,32,342,427,18,39,51,10,142,68,40,84,80,1826
24-Dec-22 12:00:00 AM,2485,22,175,285,13,81,64,22,130,35,11,44,35,1568
15-Dec-22 12:00:00 AM,7054,245,200,1046,92,516,119,122,111,352,84,60,74,4033
13-Dec-22 12:00:00 AM,6984,264,165,1024,99,577,99,117,126,333,99,82,72,3927
03-Dec-22 12:00:00 AM,2231,29,173,281,10,58,51,15,85,31,9,54,23,1412
21-Nov-22 12:00:00 AM,9417,317,217,1410,145,732,141,147,121,437,129,77,102,5442
17-Nov-22 12:00:00 AM,6810,208,181,959,72,497,103,113,117,277,85,78,91,4029
08-Nov-22 12:00:00 AM,7144,255,154,1045,97,522,111,138,112,328,90,89,63,4140
30-Oct-22 12:00:00 AM,2578,21,230,320,8,74,75,32,109,39,3,54,39,1574
20-Oct-22 12:00:00 AM,6948,241,149,999,99,626,118,101,90,319,72,63,93,3978
08-Oct-22 12:00:00 AM,2334,19,146,244,12,96,57,33,54,47,8,54,46,1518
30-Sep-22 12:00:00 AM,7590,223,177,1086,109,709,173,132,86,329,118,78,118,4252
20-Sep-22 12:00:00 AM,7464,268,156,1082,125,681,138,110,85,311,104,64,92,4248
05-Sep-22 12:00:00 AM,9356,425,200,1772,132,511,55,155,98,330,127,79,115,5357
28-Aug-22 12:00:00 AM,2084,20,197,295,3,31,39,11,102,39,4,50,22,1271
26-Aug-22 12:00:00 AM,6047,209,160,983,100,315,49,120,60,204,87,62,96,3602
24-Aug-22 12:00:00 AM,6210,251,161,919,115,405,61,92,27,198,82,76,93,3730
19-Aug-22 12:00:00 AM,7035,299,174,1191,127,408,56,130,6,234,85,80,104,4141
21-Aug-22 12:00:00 AM,2114,16,194,278,9,26,17,18,9,16,5,43,32,1451
18-Aug-22 12:00:00 AM,6184,217,135,946,120,356,46,102,10,180,90,80,102,3800
13-Aug-22 12:00:00 AM,2383,29,177,241,12,29,17,27,2,16,18,51,60,1704
11-Aug-22 12:00:00 AM,5220,194,150,853,92,305,45,66,16,171,70,50,85,3123
06-Aug-22 12:00:00 AM,2071,19,129,271,9,25,20,17,0,23,5,53,71,1429
25-Jul-22 12:00:00 AM,8282,323,198,1242,138,405,62,130,7,243,94,88,156,5196
23-Jul-22 12:00:00 AM,2162,26,124,190,14,28,20,16,1,31,9,72,69,1562
21-Jul-22 12:00:00 AM,5611,191,139,943,109,317,47,97,4,182,70,69,102,3341
13-Jul-22 12:00:00 AM,3998,91,106,621,92,243,36,79,1,144,49,35,72,2429
20-Jun-22 12:00:00 AM,8190,327,219,1339,104,368,85,159,7,234,113,114,133,4988
10-Jun-22 12:00:00 AM,6463,273,182,1119,115,349,59,102,11,168,68,67,123,3827
05-Jun-22 12:00:00 AM,2032,18,163,305,14,20,29,11,2,19,3,21,28,1399
28-May-22 12:00:00 AM,2201,25,150,221,13,22,31,17,1,13,7,44,22,1635
03-May-22 12:00:00 AM,2287,52,136,224,20,25,11,28,6,21,5,68,67,1624
02-May-22 12:00:00 AM,2292,54,121,220,7,22,4,28,4,15,16,44,61,1696
26-Apr-22 12:00:00 AM,5364,200,132,935,75,246,32,76,4,196,83,73,82,3230
17-Apr-22 12:00:00 AM,1946,29,197,239,7,21,13,10,1,20,2,50,21,1336
11-Apr-22 12:00:00 AM,2350,56,155,211,28,48,7,20,3,52,17,62,55,1636
08-Apr-22 12:00:00 AM,5453,244,181,1024,88,333,22,76,4,218,82,68,96,3017
07-Apr-22 12:00:00 AM,4868,181,156,897,114,364,26,85,7,194,72,67,79,2626
29-Mar-22 12:00:00 AM,5318,173,141,847,100,541,52,81,3,238,62,61,55,2964
26-Mar-22 12:00:00 AM,1900,37,181,201,20,55,25,13,0,29,8,44,34,1253
27-Mar-22 12:00:00 AM,1498,20,142,165,14,57,32,7,2,12,5,23,17,1002
09-Mar-22 12:00:00 AM,5113,171,162,884,108,416,48,77,6,183,87,68,66,2837
19-Feb-22 12:00:00 AM,1849,38,148,179,13,16,8,12,1,17,14,52,29,1322
07-Feb-22 12:00:00 AM,5711,198,211,1068,87,250,9,105,6,133,78,73,63,3430
06-Feb-22 12:00:00 AM,1293,28,116,165,13,18,1,11,4,9,6,34,16,872
28-Jan-22 12:00:00 AM,5027,222,163,1127,159,392,18,115,8,190,83,55,32,2463
22-Jan-22 12:00:00 AM,1428,24,118,200,12,39,2,18,0,17,4,36,24,934
15-Jan-22 12:00:00 AM,1175,25,89,155,4,25,5,11,0,11,6,30,9,805
07-Jan-22 12:00:00 AM,3667,141,97,869,82,246,15,69,6,137,42,25,33,1905
04-Dec-24 12:00:00 AM,7469,319,306,1244,125,398,95,139,151,336,80,73,79,4124
11-Dec-24 12:00:00 AM,6755,255,259,1047,91,365,96,99,160,329,77,99,97,3781
01-Jan-25 12:00:00 AM,3596,103,565,740,14,46,67,29,113,64,31,101,42,1681
22-Jan-25 12:00:00 AM,7338,270,386,1257,114,469,104,147,112,416,67,69,64,3863
24-Jan-25 12:00:00 AM,10329,476,429,2006,162,740,191,240,151,700,107,88,76,4963
28-Jan-25 12:00:00 AM,826,6,35,73,0,32,17,11,29,10,1,9,12,591
20-Feb-25 12:00:00 AM,7109,314,350,1202,64,355,62,136,150,355,70,90,103,3858
25-Feb-25 12:00:00 AM,7041,263,201,1043,93,374,96,128,115,276,110,121,121,4100
23-Feb-25 12:00:00 AM,3042,20,512,501,2,23,36,20,129,33,17,67,50,1632
10-Nov-24 12:00:00 AM,3138,24,413,441,14,58,69,8,148,45,10,55,47,1806
30-Oct-24 12:00:00 AM,7110,267,228,1051,128,441,121,151,117,312,102,92,99,4001
24-Oct-24 12:00:00 AM,7291,317,269,1034,101,427,98,134,161,358,85,86,107,4114
20-Oct-24 12:00:00 AM,2610,10,320,391,5,15,61,8,123,22,15,46,32,1562
01-Oct-24 12:00:00 AM,6424,211,197,867,93,331,72,130,131,310,71,77,79,3855
30-Sep-24 12:00:00 AM,8459,313,208,1324,133,468,103,172,139,338,121,110,87,4943
17-Sep-24 12:00:00 AM,6490,256,214,990,120,350,54,143,127,250,89,83,60,3754
14-Sep-24 12:00:00 AM,3016,50,306,411,12,39,56,23,182,64,36,57,37,1743
06-Sep-24 12:00:00 AM,8475,432,258,1573,135,386,59,250,133,348,105,133,85,4578
05-Sep-24 12:00:00 AM,8304,386,249,1459,134,372,72,222,172,300,139,93,107,4599
30-Aug-24 12:00:00 AM,8272,317,270,1437,140,420,83,220,165,282,118,87,86,4647
20-Aug-24 12:00:00 AM,7555,316,265,1112,108,327,64,185,159,255,122,117,88,4437
07-Aug-24 12:00:00 AM,7263,256,246,1164,125,318,54,162,175,247,105,103,107,4201
03-Aug-24 12:00:00 AM,2626,38,235,325,10,33,22,24,137,33,26,69,40,1634
02-Aug-24 12:00:00 AM,7741,327,235,1254,128,290,52,209,150,263,134,108,105,4486
16-Jul-24 12:00:00 AM,7128,300,302,1134,114,295,59,187,165,200,93,92,82,4105
20-Jun-24 12:00:00 AM,7203,321,275,1182,115,281,51,158,153,212,109,82,90,4174
12-Jun-24 12:00:00 AM,7376,304,246,1189,125,318,53,170,158,259,66,116,78,4294
05-Jun-24 12:00:00 AM,6528,249,188,991,105,347,36,133,131,211,95,109,76,3857
01-Jun-24 12:00:00 AM,2555,44,180,295,9,38,38,23,105,21,34,73,44,1651
29-May-24 12:00:00 AM,6718,193,209,890,83,365,80,172,143,228,96,88,89,4082
20-Apr-24 12:00:00 AM,2747,44,243,350,5,18,44,18,145,44,36,76,67,1657
15-Apr-24 12:00:00 AM,8145,294,241,1181,76,339,101,193,172,239,130,126,143,4910
09-Apr-24 12:00:00 AM,6935,268,167,1037,107,330,71,164,145,254,98,107,90,4097
10-Apr-24 12:00:00 AM,6290,241,152,898,77,274,64,139,136,213,104,103,108,3781
12-Mar-24 12:00:00 AM,7095,222,110,995,117,392,109,154,161,281,107,114,119,4214
05-Mar-24 12:00:00 AM,7923,337,305,1408,105,329,88,158,198,251,87,118,104,4435
16-Feb-24 12:00:00 AM,7772,246,169,1124,97,411,88,129,151,347,81,116,95,4718
07-Feb-24 12:00:00 AM,7117,259,237,1265,128,541,104,183,104,426,111,59,73,3627
06-Feb-24 12:00:00 AM,8859,421,289,1718,155,627,132,180,157,454,133,87,75,4431
08-Feb-24 12:00:00 AM,1377,22,84,136,3,52,16,23,48,33,16,19,33,892
03-Feb-24 12:00:00 AM,3642,49,574,619,15,29,57,28,197,60,18,74,31,1891
26-Jan-24 12:00:00 AM,8069,326,192,1246,117,607,144,183,117,494,110,94,96,4343
23-Jan-24 12:00:00 AM,7273,250,169,1096,103,495,128,155,119,369,99,71,81,4138
17-Jan-24 12:00:00 AM,7185,230,178,1053,111,481,88,132,126,310,90,78,88,4220
14-Jan-24 12:00:00 AM,2446,19,252,345,3,41,47,7,123,46,6,70,45,1442
05-Jan-24 12:00:00 AM,8997,432,299,1659,129,587,131,156,161,394,97,100,96,4756
03-Jan-24 12:00:00 AM,10102,609,475,2003,123,531,96,182,175,350,100,125,77,5256
29-Dec-23 12:00:00 AM,7373,296,176,1178,93,548,117,165,130,401,94,90,118,3967
19-Dec-23 12:00:00 AM,7557,275,213,1213,104,470,85,177,164,329,102,127,94,4204
16-Dec-23 12:00:00 AM,2935,41,280,397,14,46,50,28,131,46,25,78,60,1739
04-Dec-23 12:00:00 AM,9626,338,260,1608,151,639,126,162,180,494,135,92,111,5330
19-Nov-23 12:00:00 AM,2776,39,314,440,11,32,63,10,134,47,5,62,46,1573
15-Nov-23 12:00:00 AM,6705,234,215,1029,91,386,91,147,143,333,90,76,104,3766
09-Nov-23 12:00:00 AM,7082,278,217,1074,106,408,108,159,153,306,82,72,80,4039
05-Nov-23 12:00:00 AM,2907,42,310,439,7,35,74,11,161,36,7,64,48,1673
03-Nov-23 12:00:00 AM,7417,285,217,1148,117,474,130,150,156,356,81,76,93,4134
22-Oct-23 12:00:00 AM,2698,31,313,368,8,27,54,22,155,40,9,59,42,1570
18-Oct-23 12:00:00 AM,7466,310,216,1103,116,448,94,162,152,309,99,77,116,4264
08-Oct-23 12:00:00 AM,2751,34,308,418,8,23,55,14,188,30,4,62,33,1574
27-Sep-23 12:00:00 AM,7442,305,174,1089,120,393,96,152,154,321,72,88,82,4396
22-Sep-23 12:00:00 AM,8350,296,224,1237,117,576,114,162,163,324,97,76,73,4891
20-Sep-23 12:00:00 AM,7848,273,193,1132,105,427,97,175,166,309,67,97,97,4710
05-Sep-23 12:00:00 AM,8939,426,196,1783,145,422,53,195,167,305,125,88,75,4959
02-Sep-23 12:00:00 AM,1400,25,117,194,2,11,20,11,76,13,1,31,20,879
26-Aug-23 12:00:00 AM,2470,28,208,319,8,38,44,16,162,24,6,65,37,1515
23-Aug-23 12:00:00 AM,6732,245,185,1009,117,293,49,166,198,268,77,101,81,3943
16-Aug-23 12:00:00 AM,6730,253,220,1115,99,320,64,124,176,198,79,78,69,3935
14-Aug-23 12:00:00 AM,8486,353,251,1335,118,307,62,172,183,276,137,126,83,5083
07-Aug-23 12:00:00 AM,9161,330,249,1589,105,367,63,187,189,337,175,120,85,5365
02-Jul-23 12:00:00 AM,2279,13,288,383,9,10,36,17,130,19,15,45,34,1280
01-Jul-23 12:00:00 AM,2576,32,210,345,12,27,28,16,165,36,6,55,34,1610
28-Jun-23 12:00:00 AM,6236,231,197,1011,104,233,60,151,136,224,108,101,88,3592
21-Jun-23 12:00:00 AM,6041,195,213,947,102,255,52,112,131,175,103,77,66,3613
19-Jun-23 12:00:00 AM,8889,347,285,1466,132,343,40,176,168,248,172,113,105,5294
18-Jun-23 12:00:00 AM,2376,16,324,393,7,24,29,15,139,14,10,56,25,1324
04-Jun-23 12:00:00 AM,2160,17,292,367,3,19,29,8,143,21,11,56,22,1172
26-May-23 12:00:00 AM,6824,284,282,1184,84,368,72,147,141,226,109,64,55,3808
24-May-23 12:00:00 AM,6245,247,229,978,85,332,64,142,117,224,78,94,75,3580
25-Apr-23 12:00:00 AM,6986,256,227,1032,95,384,74,128,150,285,80,92,95,4088
10-Apr-23 12:00:00 AM,8939,375,269,1434,114,482,110,153,159,312,142,91,114,5184
03-Apr-23 12:00:00 AM,7963,320,222,1251,95,434,94,162,121,293,122,94,95,4660
01-Apr-23 12:00:00 AM,2489,44,204,305,9,42,57,12,121,43,5,57,41,1549
31-Mar-23 12:00:00 AM,7212,260,241,1283,97,462,78,143,124,288,91,122,73,3950
26-Mar-23 12:00:00 AM,2589,10,318,364,6,31,58,22,122,38,5,58,35,1522
21-Mar-23 12:00:00 AM,6724,240,139,936,112,430,83,130,111,277,87,95,93,3991
15-Mar-23 12:00:00 AM,7050,267,179,1094,90,497,69,122,137,282,91,84,97,4041
12-Mar-23 12:00:00 AM,2577,10,305,333,8,32,71,13,129,32,2,47,36,1559
09-Mar-23 12:00:00 AM,6564,208,211,1058,109,475,90,119,108,294,82,66,100,3644
07-Mar-23 12:00:00 AM,7032,248,206,1066,113,439,88,145,136,314,85,81,94,4017
03-Mar-23 12:00:00 AM,7652,311,251,1329,102,606,94,158,136,376,111,84,98,3996
11-Feb-23 12:00:00 AM,2799,31,224,290,8,55,50,20,151,41,19,63,49,1798
06-Feb-23 12:00:00 AM,8654,381,249,1477,104,630,103,129,112,371,104,95,106,4793
23-Jan-23 12:00:00 AM,679,5,9,51,5,16,10,11,15,14,0,10,6,527
22-Jan-23 12:00:00 AM,411,6,4,23,0,14,7,13,5,11,0,1,6,321
18-Jan-23 12:00:00 AM,7401,275,184,1261,137,754,102,151,109,410,104,83,58,3773
15-Jan-23 12:00:00 AM,2380,28,317,366,6,22,55,17,123,40,2,57,15,1332
12-Jun-25 12:00:00 AM,6318,291,309,1113,87,197,45,147,126,211,82,77,96,3537
11-Jun-25 12:00:00 AM,6242,235,358,1051,89,205,38,117,145,217,84,99,96,3508
06-Jun-25 12:00:00 AM,7073,351,365,1195,86,241,43,138,150,206,81,90,82,4045
24-May-25 12:00:00 AM,2620,43,219,321,13,36,29,18,134,61,35,61,42,1608
16-May-25 12:00:00 AM,7490,397,362,1218,108,355,70,168,128,223,112,99,107,4143
02-May-25 12:00:00 AM,3915,59,286,456,30,52,94,34,137,100,31,105,63,2468
28-Apr-25 12:00:00 AM,8145,355,232,1296,90,309,76,169,171,305,129,110,127,4776
14-Apr-25 12:00:00 AM,7680,322,372,1223,80,258,73,142,153,208,87,120,109,4533
09-Apr-25 12:00:00 AM,7343,335,309,1224,87,322,75,142,152,304,100,112,108,4073
04-Apr-25 12:00:00 AM,6980,244,282,1127,95,338,111,137,127,274,97,104,101,3943
05-Apr-25 12:00:00 AM,2869,37,326,358,17,31,62,21,104,41,17,69,53,1733
02-Apr-25 12:00:00 AM,6315,210,218,963,72,266,60,118,128,250,75,93,99,3763
26-Mar-25 12:00:00 AM,6603,263,192,1046,90,324,64,139,119,275,99,120,80,3792
25-Mar-25 12:00:00 AM,7185,293,261,1093,114,332,71,126,128,288,107,99,103,4170
11-Mar-25 12:00:00 AM,7380,292,267,1094,90,302,73,135,150,276,126,111,128,4336
08-Mar-25 12:00:00 AM,3102,41,334,414,15,34,59,16,123,40,20,69,53,1884
07-Mar-25 12:00:00 AM,7342,316,300,1194,115,380,94,144,123,339,114,102,100,4021
09-Mar-25 12:00:00 AM,3117,15,501,521,12,31,66,11,143,37,15,64,41,1660
30-Dec-22 12:00:00 AM,6848,234,193,1025,110,582,123,112,126,363,85,58,65,3772
27-Dec-22 12:00:00 AM,6514,224,146,908,125,485,118,112,108,347,76,71,72,3722
19-Dec-22 12:00:00 AM,8638,275,218,1255,132,587,139,148,125,366,146,93,68,5086
18-Dec-22 12:00:00 AM,2362,11,221,342,6,30,59,15,120,49,8,49,44,1408
17-Dec-22 12:00:00 AM,2599,27,147,298,9,84,80,15,92,46,4,63,37,1697
06-Dec-22 12:00:00 AM,7114,242,151,1039,100,582,125,120,111,332,104,77,57,4074
28-Nov-22 12:00:00 AM,9180,310,230,1375,123,733,142,155,164,421,131,112,99,5185
27-Nov-22 12:00:00 AM,2497,15,256,316,8,54,71,19,147,17,5,53,32,1504
27-Oct-22 12:00:00 AM,6197,195,152,857,79,501,95,108,115,280,82,63,78,3592
25-Oct-22 12:00:00 AM,7165,224,179,1041,124,617,131,94,118,312,92,80,85,4068
12-Sep-22 12:00:00 AM,8875,362,223,1321,141,610,105,144,95,278,113,91,121,5271
25-Aug-22 12:00:00 AM,5745,217,150,941,111,329,45,105,46,196,83,63,78,3381
10-Aug-22 12:00:00 AM,5291,187,115,790,91,302,32,94,9,161,75,71,78,3286
09-Aug-22 12:00:00 AM,6483,236,159,1078,103,362,67,117,14,250,86,62,106,3843
29-Jul-22 12:00:00 AM,6623,283,203,1124,107,339,49,160,9,263,84,70,94,3838
28-Jul-22 12:00:00 AM,6016,223,159,1016,92,314,49,107,7,210,69,69,123,3578
20-Jul-22 12:00:00 AM,5056,171,143,851,114,253,37,89,4,176,64,63,90,3001
10-Jul-22 12:00:00 AM,1762,13,150,244,13,22,21,16,0,22,0,32,21,1208
28-Jun-22 12:00:00 AM,6479,245,179,1018,89,336,60,124,5,216,68,76,120,3943
21-Jun-22 12:00:00 AM,6238,233,139,962,84,377,64,117,6,219,75,71,107,3784
27-May-22 12:00:00 AM,5226,245,121,959,81,283,48,99,4,161,62,84,80,2999
15-May-22 12:00:00 AM,2042,12,209,237,5,12,19,8,0,5,4,41,23,1467
14-May-22 12:00:00 AM,2132,22,159,163,11,16,10,17,2,9,10,64,53,1596
12-May-22 12:00:00 AM,5293,205,168,836,87,227,39,90,6,128,74,70,83,3280
01-May-22 12:00:00 AM,1037,8,95,98,4,9,7,16,1,8,0,13,11,767
13-Apr-22 12:00:00 AM,5316,214,168,1014,99,290,31,95,5,149,84,61,77,3029
03-Apr-22 12:00:00 AM,1371,14,130,161,10,21,13,9,1,26,5,19,4,958
24-Mar-22 12:00:00 AM,5309,178,160,828,99,677,71,72,7,311,63,61,56,2726
11-Mar-22 12:00:00 AM,5531,207,152,904,104,535,63,99,2,235,74,69,59,3028
10-Mar-22 12:00:00 AM,5434,207,159,890,112,548,88,93,6,167,83,62,82,2937
04-Mar-22 12:00:00 AM,5018,155,110,830,118,305,36,97,11,165,68,66,60,2997
08-Feb-22 12:00:00 AM,4948,180,177,926,109,240,13,84,5,139,74,69,33,2899
17-Jan-22 12:00:00 AM,4353,169,164,854,94,209,16,73,3,126,57,61,37,2490
11-Jan-22 12:00:00 AM,3569,147,125,774,84,206,9,82,3,84,59,36,31,1929
10-Jan-22 12:00:00 AM,4303,180,123,925,86,308,9,64,5,114,60,43,34,2352
01-Jan-22 12:00:00 AM,1201,21,145,246,5,13,3,6,1,15,10,10,9,717
05-Dec-24 12:00:00 AM,7105,283,274,1099,118,339,88,125,157,345,87,77,93,4020
23-Dec-24 12:00:00 AM,8662,317,280,1309,113,503,122,141,137,448,99,130,117,4946
27-Dec-24 12:00:00 AM,7579,358,268,1296,107,451,159,134,139,378,101,93,95,4000
04-Jan-25 12:00:00 AM,3407,46,471,515,14,53,82,15,170,40,24,74,49,1854
05-Jan-25 12:00:00 AM,3102,23,550,556,6,32,62,13,135,41,10,53,38,1583
12-Jan-25 12:00:00 AM,2570,20,275,352,4,24,63,13,139,44,14,51,34,1537
19-Jan-25 12:00:00 AM,2654,21,332,417,5,40,65,15,103,50,8,49,29,1520
25-Jan-25 12:00:00 AM,3052,52,403,482,7,39,75,13,113,50,16,70,35,1697
03-Feb-25 12:00:00 AM,8901,284,177,1021,69,392,111,158,154,408,89,173,101,5764
04-Feb-25 12:00:00 AM,7927,279,193,942,85,428,128,162,144,419,95,144,91,4817
08-Feb-25 12:00:00 AM,3402,49,409,440,16,50,59,24,153,100,29,83,63,1927
13-Feb-25 12:00:00 AM,7409,359,416,1140,81,362,68,148,127,342,63,95,111,4097
26-Feb-25 12:00:00 AM,6252,222,142,842,95,333,81,126,121,281,107,104,120,3678
30-Nov-24 12:00:00 AM,3061,44,277,420,15,71,73,14,153,68,37,84,51,1754
28-Nov-24 12:00:00 AM,7206,269,228,1168,103,462,124,137,174,373,100,95,91,3882
20-Nov-24 12:00:00 AM,7046,247,211,997,115,397,130,136,150,337,70,82,84,4090
19-Nov-24 12:00:00 AM,7372,282,237,999,118,408,115,136,186,354,84,90,124,4239
14-Nov-24 12:00:00 AM,6499,224,220,946,109,341,101,128,121,286,86,63,92,3782
11-Nov-24 12:00:00 AM,9180,364,347,1401,120,469,139,203,174,414,153,132,117,5147
07-Nov-24 12:00:00 AM,7230,300,279,1148,104,379,113,139,141,349,105,79,79,4015
01-Nov-24 12:00:00 AM,8051,308,279,1308,117,421,146,158,185,359,117,94,77,4482
01-Sep-24 12:00:00 AM,1898,16,273,323,9,15,25,13,91,39,12,29,28,1025
28-Aug-24 12:00:00 AM,6866,324,216,1152,108,299,58,181,152,235,94,96,89,3862
16-Aug-24 12:00:00 AM,7598,338,316,1369,103,295,58,167,158,263,81,93,70,4287
29-Jul-24 12:00:00 AM,9752,399,287,1518,156,393,91,219,194,337,192,150,118,5698
10-Jul-24 12:00:00 AM,6414,253,232,1019,86,261,44,179,117,187,96,85,97,3758
27-Jun-24 12:00:00 AM,6303,294,189,964,101,274,52,120,111,202,94,87,85,3730
07-Jun-24 12:00:00 AM,7591,315,213,1259,108,345,46,166,159,271,122,107,101,4379
04-Jun-24 12:00:00 AM,7157,298,195,1056,118,316,61,152,152,281,114,76,102,4236
03-Jun-24 12:00:00 AM,9658,426,218,1507,149,349,80,196,164,324,133,135,111,5866
18-May-24 12:00:00 AM,2619,52,234,347,5,43,40,16,127,50,22,78,50,1555
19-May-24 12:00:00 AM,2479,18,320,386,7,18,32,21,121,19,1,59,67,1410
09-May-24 12:00:00 AM,6415,274,214,1086,85,286,59,107,140,214,89,79,86,3696
04-May-24 12:00:00 AM,3343,87,189,479,31,99,60,39,115,94,43,79,55,1973
26-Apr-24 12:00:00 AM,8206,426,307,1425,118,387,90,199,155,278,116,106,119,4480
18-Apr-24 12:00:00 AM,2856,72,177,314,7,45,42,46,138,54,45,73,81,1762
22-Mar-24 12:00:00 AM,7484,320,161,1171,124,403,107,152,135,313,118,97,100,4283
20-Mar-24 12:00:00 AM,6613,256,211,978,96,291,106,139,140,274,80,95,100,3847
15-Mar-24 12:00:00 AM,7547,236,183,1183,99,344,108,175,140,335,111,126,117,4390
10-Mar-24 12:00:00 AM,2310,29,152,283,8,16,44,18,130,37,13,64,43,1473
09-Mar-24 12:00:00 AM,2618,26,149,286,6,36,40,26,146,47,21,83,62,1690
08-Mar-24 12:00:00 AM,6895,262,147,1066,102,387,90,161,128,296,90,114,124,3928
01-Mar-24 12:00:00 AM,8220,399,329,1521,111,423,117,165,149,312,110,105,121,4358
29-Feb-24 12:00:00 AM,7595,365,359,1268,82,326,88,163,163,294,87,103,128,4169
10-Feb-24 12:00:00 AM,379,5,2,31,2,3,8,8,12,6,1,0,3,298
05-Feb-24 12:00:00 AM,10844,553,399,2310,168,584,133,247,166,518,150,121,93,5402
04-Feb-24 12:00:00 AM,2737,34,469,499,8,31,39,6,126,29,4,54,35,1403
22-Jan-24 12:00:00 AM,8978,352,203,1414,151,524,137,142,152,471,133,109,92,5098
21-Jan-24 12:00:00 AM,2415,27,229,318,6,16,57,13,147,34,5,40,48,1475
18-Jan-24 12:00:00 AM,7137,242,188,1055,104,434,110,145,135,350,108,100,95,4071
15-Jan-24 12:00:00 AM,9057,320,201,1367,146,575,108,183,144,505,137,104,94,5173
13-Jan-24 12:00:00 AM,2832,31,244,342,12,65,61,18,126,40,10,97,37,1749
08-Jan-24 12:00:00 AM,9585,397,269,1664,116,558,135,152,167,400,126,108,114,5379
04-Jan-24 12:00:00 AM,8799,451,326,1699,112,468,117,151,152,342,110,107,85,4679
18-Dec-23 12:00:00 AM,9435,337,237,1502,117,606,121,213,206,367,120,177,120,5312
14-Dec-23 12:00:00 AM,6969,282,238,1071,124,436,84,136,126,342,91,88,109,3842
12-Dec-23 12:00:00 AM,7259,238,188,1078,122,506,115,164,135,337,88,121,88,4079
27-Nov-23 12:00:00 AM,8844,361,196,1260,171,637,133,164,179,431,113,111,102,4986
20-Nov-23 12:00:00 AM,9343,351,272,1460,144,599,145,214,159,408,128,130,69,5264
08-Nov-23 12:00:00 AM,6928,238,240,1123,110,469,107,120,150,322,104,84,77,3784
31-Oct-23 12:00:00 AM,7398,268,156,1105,99,546,108,167,172,344,88,86,90,4169
26-Oct-23 12:00:00 AM,7337,266,219,1235,111,424,99,141,192,308,78,71,84,4109
25-Oct-23 12:00:00 AM,7207,241,166,1124,131,434,94,167,130,317,87,96,90,4130
20-Oct-23 12:00:00 AM,7829,319,195,1318,121,467,112,185,148,350,94,88,98,4334
19-Oct-23 12:00:00 AM,7136,275,205,1112,142,487,93,145,145,293,67,79,75,4018
13-Oct-23 12:00:00 AM,6967,266,197,1092,107,362,100,156,154,263,77,54,108,4031
12-Oct-23 12:00:00 AM,6798,295,186,1118,91,387,78,140,144,275,87,69,56,3872
03-Oct-23 12:00:00 AM,7011,242,181,1082,113,496,96,145,142,246,83,91,74,4020
25-Sep-23 12:00:00 AM,9326,325,233,1448,155,495,120,181,164,314,118,81,75,5617
19-Sep-23 12:00:00 AM,7594,282,184,1099,108,445,92,140,169,280,80,98,82,4535
18-Sep-23 12:00:00 AM,10272,372,247,1517,120,586,109,205,199,337,149,107,85,6239
15-Sep-23 12:00:00 AM,8553,337,204,1354,149,559,119,164,161,335,109,100,67,4895
04-Sep-23 12:00:00 AM,3415,73,209,447,17,41,41,44,146,63,34,98,52,2150
22-Aug-23 12:00:00 AM,6919,251,195,1074,106,299,70,153,179,224,94,98,64,4112
17-Aug-23 12:00:00 AM,7172,267,195,1172,109,332,59,149,174,233,99,83,78,4222
12-Aug-23 12:00:00 AM,2589,39,179,340,11,25,27,26,151,13,16,63,36,1663
01-Aug-23 12:00:00 AM,7554,288,270,1199,116,292,66,172,191,243,100,87,96,4434
18-Jul-23 12:00:00 AM,6240,239,212,1053,106,254,51,133,140,217,103,67,74,3591
17-Jul-23 12:00:00 AM,7054,264,223,1191,96,320,51,139,152,232,104,95,58,4129
07-Jul-23 12:00:00 AM,7248,264,244,1246,100,324,65,156,165,219,115,87,68,4195
09-Jun-23 12:00:00 AM,7303,266,268,1263,113,371,69,139,136,216,109,95,90,4168
07-Jun-23 12:00:00 AM,4728,132,163,827,70,264,27,97,111,141,73,78,56,2689
22-May-23 12:00:00 AM,8110,315,241,1339,98,402,73,159,134,312,127,115,86,4709
17-May-23 12:00:00 AM,5952,202,156,869,74,352,66,137,101,171,76,83,90,3575
10-May-23 12:00:00 AM,6721,231,226,1144,100,367,71,130,132,240,86,88,81,3825
09-May-23 12:00:00 AM,6465,234,216,1120,93,393,88,136,115,223,101,85,72,3589
05-May-23 12:00:00 AM,8899,410,246,1558,120,560,89,198,141,344,124,111,86,4912
22-Apr-23 12:00:00 AM,2735,34,184,297,11,53,70,23,150,23,5,60,42,1783
18-Apr-23 12:00:00 AM,6804,259,143,997,92,401,101,124,160,254,97,92,93,3991
12-Apr-23 12:00:00 AM,6269,246,201,1025,93,350,78,121,114,221,79,86,90,3565
08-Apr-23 12:00:00 AM,2658,30,207,305,14,49,62,23,125,40,4,52,60,1687
06-Apr-23 12:00:00 AM,6409,251,197,1044,66,398,91,127,93,258,81,73,95,3635
05-Apr-23 12:00:00 AM,5612,214,153,829,77,337,64,121,105,201,89,67,98,3257
22-Mar-23 12:00:00 AM,6225,193,141,960,74,425,89,117,104,253,82,81,88,3618
11-Mar-23 12:00:00 AM,2783,37,224,315,6,70,90,17,112,40,13,60,54,1745
24-Feb-23 12:00:00 AM,7145,192,161,988,89,582,82,128,151,355,100,73,106,4138
13-Jan-23 12:00:00 AM,8245,336,244,1520,129,564,122,145,146,375,97,60,54,4453
11-Jan-23 12:00:00 AM,6471,230,162,1030,77,564,114,101,81,340,72,76,52,3572
05-Jan-23 12:00:00 AM,7934,357,191,1363,97,565,121,142,128,350,87,52,63,4418
19-Jun-25 12:00:00 AM,6027,274,233,890,78,192,32,152,113,167,69,90,96,3641
18-Jun-25 12:00:00 AM,5754,228,223,868,70,200,41,113,123,154,88,89,106,3451
17-Jun-25 12:00:00 AM,6578,302,272,1060,62,227,43,134,108,194,88,101,85,3902
16-Jun-25 12:00:00 AM,8687,380,333,1466,83,246,53,179,154,233,114,108,131,5207
05-Jun-25 12:00:00 AM,6791,308,349,1100,89,222,63,160,149,214,95,80,80,3882
23-May-25 12:00:00 AM,6260,339,220,982,61,309,55,127,136,260,79,96,78,3518
22-May-25 12:00:00 AM,6515,284,215,967,79,283,58,170,120,259,78,93,87,3822
19-May-25 12:00:00 AM,8693,393,338,1342,83,382,72,182,142,353,122,117,115,5052
08-May-25 12:00:00 AM,6674,311,331,1206,84,284,49,123,136,215,79,78,79,3699
04-May-25 12:00:00 AM,2664,15,426,459,10,20,23,14,95,22,17,75,41,1447
27-Apr-25 12:00:00 AM,2555,24,236,323,5,22,34,8,134,33,13,56,32,1635
26-Apr-25 12:00:00 AM,3371,58,208,401,21,87,49,45,124,76,34,92,62,2114
07-Apr-25 12:00:00 AM,3491,80,277,460,15,51,63,34,140,65,31,82,64,2129
01-Apr-25 12:00:00 AM,6835,248,210,951,94,313,69,132,120,264,84,107,96,4147
21-Mar-25 12:00:00 AM,8215,393,370,1382,110,393,106,164,128,281,136,112,103,4537
14-Mar-25 12:00:00 AM,7564,340,338,1291,105,360,99,152,173,303,85,95,133,4090
16-Mar-25 12:00:00 AM,3141,16,544,508,6,21,58,18,122,34,6,97,39,1672
10-Mar-25 12:00:00 AM,8897,373,367,1387,90,385,78,183,131,346,121,128,129,5179
01-Mar-25 12:00:00 AM,2906,30,133,250,9,47,54,18,162,61,19,83,61,1979
25-Dec-22 12:00:00 AM,2251,29,214,289,10,57,61,20,114,22,3,32,31,1369
14-Dec-22 12:00:00 AM,6662,247,169,927,93,496,129,132,110,342,76,77,69,3795
05-Dec-22 12:00:00 AM,8883,279,227,1283,129,694,175,141,135,390,111,86,98,5135
18-Nov-22 12:00:00 AM,7498,255,177,1149,111,537,140,140,104,341,92,89,104,4259
09-Nov-22 12:00:00 AM,7151,229,193,1023,112,562,130,105,136,288,97,89,75,4112
02-Nov-22 12:00:00 AM,6776,198,149,982,88,596,126,93,106,328,68,71,55,3916
26-Oct-22 12:00:00 AM,6761,213,191,948,89,592,112,116,102,326,82,66,84,3840
22-Oct-22 12:00:00 AM,2946,23,158,301,5,94,82,25,109,47,20,64,39,1979
16-Oct-22 12:00:00 AM,2564,22,203,307,9,86,79,17,125,48,2,46,34,1586
15-Oct-22 12:00:00 AM,3139,22,184,288,17,129,85,31,126,71,18,67,59,2042
12-Oct-22 12:00:00 AM,7100,254,156,1046,92,627,135,107,98,336,77,69,103,4000
11-Oct-22 12:00:00 AM,7510,246,167,1070,139,702,133,107,66,341,89,63,82,4305
05-Oct-22 12:00:00 AM,6570,259,150,945,98,648,143,97,101,267,68,78,61,3655
25-Sep-22 12:00:00 AM,2421,17,202,297,8,73,77,11,74,48,8,40,42,1524
22-Sep-22 12:00:00 AM,6773,225,171,992,102,594,141,123,92,292,64,63,95,3819
09-Sep-22 12:00:00 AM,6895,283,165,1238,111,565,69,120,91,226,76,87,82,3782
01-Sep-22 12:00:00 AM,2940,36,183,245,24,85,31,20,87,41,16,57,54,2061
12-Aug-22 12:00:00 AM,6537,239,180,1111,133,302,58,127,16,233,68,60,106,3904
08-Aug-22 12:00:00 AM,7733,310,196,1203,135,415,50,127,10,258,97,86,138,4708
05-Aug-22 12:00:00 AM,6906,260,194,1234,126,419,53,140,10,199,92,91,124,3964
27-Jul-22 12:00:00 AM,5747,232,143,906,137,290,50,111,7,199,60,80,99,3433
19-Jul-22 12:00:00 AM,6405,223,163,1062,111,316,50,122,9,205,62,52,107,3923
08-Jul-22 12:00:00 AM,6307,212,161,1162,116,355,65,107,14,232,67,65,101,3650
09-Jul-22 12:00:00 AM,2246,17,152,232,20,36,18,15,2,36,7,63,37,1611
29-Jun-22 12:00:00 AM,5680,198,157,909,104,281,72,88,4,193,55,64,102,3453
27-Jun-22 12:00:00 AM,7674,330,150,1185,133,381,79,120,4,241,81,92,140,4738
15-Jun-22 12:00:00 AM,6197,229,149,979,101,335,66,114,6,172,78,61,95,3812
14-Jun-22 12:00:00 AM,6435,229,156,964,101,325,55,113,10,195,66,55,107,4059
09-Jun-22 12:00:00 AM,5924,241,146,966,95,306,59,92,9,157,90,61,128,3574
30-May-22 12:00:00 AM,7114,280,164,1134,114,359,75,113,5,186,78,100,124,4382
25-May-22 12:00:00 AM,5916,204,169,988,95,257,44,105,10,163,69,77,115,3620
22-May-22 12:00:00 AM,1776,14,183,231,6,9,19,12,1,23,0,41,14,1223
17-May-22 12:00:00 AM,5523,212,149,896,77,232,25,104,6,158,93,75,108,3388
13-May-22 12:00:00 AM,5902,234,170,1093,107,275,47,119,7,157,64,53,121,3455
07-May-22 12:00:00 AM,1983,27,143,244,11,13,16,15,3,14,2,47,37,1411
08-May-22 12:00:00 AM,1382,8,153,205,4,13,13,7,2,5,1,32,13,926
24-Apr-22 12:00:00 AM,1871,16,167,215,15,15,9,12,0,12,7,39,21,1343
22-Apr-22 12:00:00 AM,5458,215,189,929,97,269,24,105,9,123,54,78,86,3280
15-Apr-22 12:00:00 AM,5190,227,184,900,79,265,21,88,10,163,67,61,79,3046
04-Apr-22 12:00:00 AM,5849,218,154,1009,103,568,47,81,10,243,80,69,58,3209
12-Mar-22 12:00:00 AM,1922,33,136,182,10,42,13,15,0,25,7,48,38,1373
13-Mar-22 12:00:00 AM,1690,37,136,185,25,32,27,13,5,17,4,27,22,1160
05-Mar-22 12:00:00 AM,1834,36,100,151,22,33,16,18,0,14,17,56,54,1317
23-Feb-22 12:00:00 AM,4681,147,141,820,79,281,22,73,3,150,52,60,40,2813
20-Feb-22 12:00:00 AM,1513,28,154,181,9,28,6,16,5,19,1,29,15,1022
18-Feb-22 12:00:00 AM,4765,183,165,860,95,234,16,96,8,140,70,70,58,2770
15-Feb-22 12:00:00 AM,4643,142,156,819,89,251,30,63,9,160,53,72,58,2741
17-Feb-22 12:00:00 AM,4445,179,154,796,85,198,16,70,10,121,49,58,59,2650
12-Feb-22 12:00:00 AM,1868,27,172,187,22,38,4,17,1,24,6,53,33,1284
01-Feb-22 12:00:00 AM,293,4,1,17,1,3,1,5,0,1,0,0,3,257
24-Jan-22 12:00:00 AM,5482,239,185,1220,139,318,10,94,7,187,91,61,43,2888
23-Jan-22 12:00:00 AM,1089,41,96,141,6,17,3,6,0,10,4,16,8,741
08-Jan-22 12:00:00 AM,1179,25,97,179,13,27,0,22,0,10,7,21,14,764
03-Jan-22 12:00:00 AM,1651,42,147,291,7,23,1,10,1,39,13,33,25,1019
